cmpd_id,smiles,canonical_smiles,molecular_weight,heavy_atom_count,is_valid,source_image,kd_nm
1038,CC[C@H](C)[C@H]1C(=O)N(C)[C@@H](C)C(=O)N2[C@@H](CC2)C(=O)N(CCC(F)(F)F)[C@H]3C(=O)N(C)CC(=O)N[C@@H](CCC4=CC(F)=C(C(F)=C4)C(F)(F)F)C(=O)N5[C@@H](CCC5)C(=O)NC6(CCCC6)C(=O)N(C)[C@@H](C7CCCC7)C(=O)N(C)[C@@H](CC(=O)N(C)[C@@H](CCNC(=S)C8=C(F)C(F)=C(SC3)C(F)=C8F)C(=O)N1)C(=O)N(C)C,CC[C@H](C)[C@@H]1NC(=O)[C@@H]2CCNC(=S)c3c(F)c(F)c(c(F)c3F)SC[C@H](C(=O)N(C)CC(=O)N[C@@H](CCc3cc(F)c(C(F)(F)F)c(F)c3)C(=O)N3CCC[C@H]3C(=O)NC3(CCCC3)C(=O)N(C)[C@@H](C3CCCC3)C(=O)N(C)[C@H](C(=O)N(C)C)CC(=O)N2C)N(CCC(F)(F)F)C(=O)[C@@H]2CCN2C(=O)[C@H](C)N(C)C1=O,1624.72,111,True,PCTCN2025075389-ftappb-I100298.jpg,
1040,CCO[C@H]1CN2[C@@H](C1)C(=O)NC3(CC3)C(=O)N(C)[C@@H](C4CCCC4)C(=O)N(C)[C@@H](CC(=O)N(C)[C@@H]5C(=O)N[C@@H]([C@@H](C)CC)C(=O)N(C)[C@@H](C)C(=O)N6[C@@H](CC6)C(=O)N(C)[C@H](CSC7=C(F)C(F)=C(C(=S)NCC5)C(F)=C7F)C(=O)N(C)CC(=O)N[C@@H](CCC8=CC(F)=C(C(F)=C8)C(F)(F)F)C2=O)C(=O)N(C)C,CCO[C@@H]1C[C@H]2C(=O)NC3(CC3)C(=O)N(C)[C@@H](C3CCCC3)C(=O)N(C)[C@H](C(=O)N(C)C)CC(=O)N(C)[C@H]3CCNC(=S)c4c(F)c(F)c(c(F)c4F)SC[C@H](C(=O)N(C)CC(=O)N[C@@H](CCc4cc(F)c(C(F)(F)F)c(F)c4)C(=O)N2C1)N(C)C(=O)[C@@H]1CCN1C(=O)[C@H](C)N(C)C(=O)[C@H]([C@@H](C)CC)NC3=O,1558.7,107,True,PCTCN2025075389-ftappb-I100298.jpg,
1045,CC[C@H](C)[C@H]1C(=O)N(C)[C@@H](C)C(=O)N2[C@@H](CC2)C(=O)N(CC)[C@@H]3C(=O)N(C)CC(=O)N[C@@H](CCC4=CC(F)=C(C(F)=C4)C(F)(F)F)C(=O)N5[C@@H](CCC5)C(=O)NC6(CCCC6)C(=O)N(C)[C@@H](C7CCCC7)C(=O)N(C)[C@@H](CC(=O)N(C)[C@H](CCNC(=S)C8=C(F)C(F)=C(SC3)C(F)=C8F)C(=O)N1)C(=O)N9CCOCC9,CC[C@H](C)[C@@H]1NC(=O)[C@H]2CCNC(=S)c3c(F)c(F)c(c(F)c3F)SC[C@@H](C(=O)N(C)CC(=O)N[C@@H](CCc3cc(F)c(C(F)(F)F)c(F)c3)C(=O)N3CCC[C@H]3C(=O)NC3(CCCC3)C(=O)N(C)[C@@H](C3CCCC3)C(=O)N(C)[C@H](C(=O)N3CCOCC3)CC(=O)N2C)N(CC)C(=O)[C@@H]2CCN2C(=O)[C@H](C)N(C)C1=O,1598.76,110,True,PCTCN2025075389-ftappb-I100299.jpg,
1047,CC[C@H](C)[C@H]1C(=O)N(C)[C@@H](C)C(=O)N2[C@@H](CC2)C(=O)N(CC)[C@@H]3C(=O)N(C)CC(=O)N[C@@H](CCC4=CC(F)=C(C(F)=C4)C(F)(F)F)C(=O)N5[C@@H](CCC5)C(=O)NC6(CCCC6)C(=O)N(C)[C@@H](C7CCCC7)C(=O)N(C)[C@@H](CC(=O)N(C)[C@H](CCNC(=S)C8=C(F)C(F)=C(SC3)C(F)=C8F)C(=O)N1)C(=O)N9CCCCC9,CC[C@H](C)[C@@H]1NC(=O)[C@H]2CCNC(=S)c3c(F)c(F)c(c(F)c3F)SC[C@@H](C(=O)N(C)CC(=O)N[C@@H](CCc3cc(F)c(C(F)(F)F)c(F)c3)C(=O)N3CCC[C@H]3C(=O)NC3(CCCC3)C(=O)N(C)[C@@H](C3CCCC3)C(=O)N(C)[C@H](C(=O)N3CCCCC3)CC(=O)N2C)N(CC)C(=O)[C@@H]2CCN2C(=O)[C@H](C)N(C)C1=O,1596.79,110,True,PCTCN2025075389-ftappb-I100300.jpg,
1051,CC[C@H](C)[C@H]1C(=O)N(C)[C@@H](C)C(=O)N2[C@@H](CC2)C(=O)N(CC)[C@@H]3C(=O)N(C)CC(=O)N[C@@H](CCC4=CC(F)=C(C(F)=C4)C(F)(F)F)C(=O)N5[C@@H](CCC5)C(=O)NC6(CCCC6)C(=O)N(C)[C@@H](C7CCCC7)C(=O)N(C)[C@@H](CC(=O)N(C)[C@H](CCNC(=S)C8=C(F)C(F)=C(SC3)C(F)=C8F)C(=O)N1)C(=O)N(C)C,CC[C@H](C)[C@@H]1NC(=O)[C@H]2CCNC(=S)c3c(F)c(F)c(c(F)c3F)SC[C@@H](C(=O)N(C)CC(=O)N[C@@H](CCc3cc(F)c(C(F)(F)F)c(F)c3)C(=O)N3CCC[C@H]3C(=O)NC3(CCCC3)C(=O)N(C)[C@@H](C3CCCC3)C(=O)N(C)[C@H](C(=O)N(C)C)CC(=O)N2C)N(CC)C(=O)[C@@H]2CCN2C(=O)[C@H](C)N(C)C1=O,1556.73,107,True,PCTCN2025075389-ftappb-I100301.jpg,
1053,CC[C@H](C)[C@H]1C(=O)N(C)[C@@H](C)C(=O)N2[C@@H](CC2)C(=O)N(C)[C@@H]3C(=O)N(C)CC(=O)N[C@@H](CCC4=CC(F)=C(C(F)=C4)C(F)(F)F)C(=O)N5C(CCC5)C(=O)NC6(CCCCC6)C(=O)N(C)[C@@H](C7CCCC7)C(=O)N(C)[C@H](C(=O)N(C)C)CC(=O)N(C)[C@H](CCNC(=S)C8=C(F)C(F)=C(SC3)C(F)=C8F)C(=O)N1,CC[C@H](C)[C@@H]1NC(=O)[C@H]2CCNC(=S)c3c(F)c(F)c(c(F)c3F)SC[C@@H](C(=O)N(C)CC(=O)N[C@@H](CCc3cc(F)c(C(F)(F)F)c(F)c3)C(=O)N3CCCC3C(=O)NC3(CCCCC3)C(=O)N(C)[C@@H](C3CCCC3)C(=O)N(C)[C@H](C(=O)N(C)C)CC(=O)N2C)N(C)C(=O)[C@@H]2CCN2C(=O)[C@H](C)N(C)C1=O,1556.73,107,True,PCTCN2025075389-ftappb-I100301.jpg,
1054,CC[C@H](C)[C@H]1C(=O)N(C)[C@@H](C)C(=O)N2[C@@H](CC2)C(=O)N(C)[C@@H]3C(=O)N(C)CC(=O)N[C@@H](CCC4=CC(F)=C(C(F)=C4)C(F)(F)F)C(=O)N5[C@@H](CCC5)C(=O)NC6(CCC6)C(=O)N(C)[C@@H](C7CCCC7)C(=O)N(C)[C@@H](CC(=O)N(C)[C@H](CCNC(=S)C8=C(F)C(F)=C(SC3)C(F)C8F)C(=O)N1)C(=O)N(C)C,CC[C@H](C)[C@@H]1NC(=O)[C@H]2CCNC(=S)C3=C(F)C(F)=C(SC[C@@H](C(=O)N(C)CC(=O)N[C@@H](CCc4cc(F)c(C(F)(F)F)c(F)c4)C(=O)N4CCC[C@H]4C(=O)NC4(CCC4)C(=O)N(C)[C@@H](C4CCCC4)C(=O)N(C)[C@H](C(=O)N(C)C)CC(=O)N2C)N(C)C(=O)[C@@H]2CCN2C(=O)[C@H](C)N(C)C1=O)C(F)C3F,1530.69,105,True,PCTCN2025075389-ftappb-I100301.jpg,
1055,CC[C@H](C)[C@H]1C(=O)N(C)[C@@H](C)C(=O)N2[C@@H](CC2)C(=O)N(CCC(F)(F)F)[C@@H]3C(=O)N(C)CC(=O)N[C@@H](CCC4=CC(F)=C(C(F)=C4)C(F)(F)F)C(=O)N5[C@@H](CCC5)C(=O)NC(C)(C)C(=O)N(C)[C@@H](C6CCCC6)C(=O)N(C)[C@@H](CC(=O)N(C)[C@H](CCNC(=S)C7=C(F)C(F)=C(SC3)C(F)=C7F)C(=O)N1)C(=O)N(C)C,CC[C@H](C)[C@@H]1NC(=O)[C@H]2CCNC(=S)c3c(F)c(F)c(c(F)c3F)SC[C@@H](C(=O)N(C)CC(=O)N[C@@H](CCc3cc(F)c(C(F)(F)F)c(F)c3)C(=O)N3CCC[C@H]3C(=O)NC(C)(C)C(=O)N(C)[C@@H](C3CCCC3)C(=O)N(C)[C@H](C(=O)N(C)C)CC(=O)N2C)N(CCC(F)(F)F)C(=O)[C@@H]2CCN2C(=O)[C@H](C)N(C)C1=O,1598.69,109,True,PCTCN2025075389-ftappb-I100302.jpg,
1057,CC[C@H](C)[C@H]1C(=O)N(C)[C@@H](C)C(=O)N2[C@@H](CC2)C(=O)N(CCC(F)(F)F)[C@@H]3C(=O)N(C)CC(=O)N[C@@H](CCC4=CC(F)=C(C(F)=C4)C(F)(F)F)C(=O)N5[C@@H](CCC5)C(=O)N(C)C6(CC6)C(=O)N(C)[C@@H](C7CCCC7)C(=O)N(C)[C@@H](CC(=O)N(C)[C@H](CCNC(=S)C8=C(F)C(F)=C(SC3)C(F)=C8F)C(=O)N1)C(=O)N(C)C,CC[C@H](C)[C@@H]1NC(=O)[C@H]2CCNC(=S)c3c(F)c(F)c(c(F)c3F)SC[C@@H](C(=O)N(C)CC(=O)N[C@@H](CCc3cc(F)c(C(F)(F)F)c(F)c3)C(=O)N3CCC[C@H]3C(=O)N(C)C3(CC3)C(=O)N(C)[C@@H](C3CCCC3)C(=O)N(C)[C@H](C(=O)N(C)C)CC(=O)N2C)N(CCC(F)(F)F)C(=O)[C@@H]2CCN2C(=O)[C@H](C)N(C)C1=O,1610.7,110,True,PCTCN2025075389-ftappb-I100302.jpg,
1058,CC[C@H](C)[C@H]1C(=O)N(C)[C@@H](C)C(=O)N2[C@@H](CC2)C(=O)N(CC)[C@@H]3C(=O)N(C)CC(=O)N[C@@H](CCC4=CC(F)=C(C(F)=C4)C(F)(F)F)C(=O)N5[C@@H](CCC5)C(=O)NC6(CCC6)C(=O)N(C)[C@@H](C7CCCC7)C(=O)N(C)[C@@H](CC(=O)N(C)[C@H](CCNC(=S)C8=C(F)C(F)=C(SC3)C(F)=C8F)C(=O)N1)C(=O)N(C)C,CC[C@H](C)[C@@H]1NC(=O)[C@H]2CCNC(=S)c3c(F)c(F)c(c(F)c3F)SC[C@@H](C(=O)N(C)CC(=O)N[C@@H](CCc3cc(F)c(C(F)(F)F)c(F)c3)C(=O)N3CCC[C@H]3C(=O)NC3(CCC3)C(=O)N(C)[C@@H](C3CCCC3)C(=O)N(C)[C@H](C(=O)N(C)C)CC(=O)N2C)N(CC)C(=O)[C@@H]2CCN2C(=O)[C@H](C)N(C)C1=O,1542.7,106,True,PCTCN2025075389-ftappb-I100302.jpg,
1059,CC[C@H](C)[C@H]1C(=O)N(C)[C@@H](C)C(=O)N2[C@@H](CC2)C(=O)N(C)[C@@H]3C(=O)N(C)CC(=O)N[C@@H](CCC4=CC(F)=C(C(F)=C4)C(F)(F)F)C(=O)N5[C@@H](CC(F)(F)C5)C(=O)NC6(CCC6)C(=O)N(C)[C@@H](C7CCCC7)C(=O)N(C)[C@H](C(=O)N(C)C)CC(=O)N(C)[C@H](CCNC(=S)C8=C(F)C(F)=C(SC3)C(F)=C8F)C(=O)N1,CC[C@H](C)[C@@H]1NC(=O)[C@H]2CCNC(=S)c3c(F)c(F)c(c(F)c3F)SC[C@@H](C(=O)N(C)CC(=O)N[C@@H](CCc3cc(F)c(C(F)(F)F)c(F)c3)C(=O)N3CC(F)(F)C[C@H]3C(=O)NC3(CCC3)C(=O)N(C)[C@@H](C3CCCC3)C(=O)N(C)[C@H](C(=O)N(C)C)CC(=O)N2C)N(C)C(=O)[C@@H]2CCN2C(=O)[C@H](C)N(C)C1=O,1564.65,107,True,PCTCN2025075389-ftappb-I100303.jpg,
1060,CC[C@H](C)[C@H]1C(=O)N(C)[C@@H](C)C(=O)N2[C@@H](CC2)C(=O)N(CC)[C@@H]3C(=O)N(C)CC(=O)N[C@@H](CCC4=CC(F)=C(C(F)=C4)C(F)(F)F)C(=O)N5[C@@H](CC(F)(F)C5)C(=O)NC6(CCC6)C(=O)N(C)[C@@H](C7CCCC7)C(=O)N(C)[C@@H](CC(=O)N(C)[C@H](CCNC(=S)C8=C(F)C(F)=C(SC3)C(F)=C8F)C(=O)N1)C(=O)N(C)C,CC[C@H](C)[C@@H]1NC(=O)[C@H]2CCNC(=S)c3c(F)c(F)c(c(F)c3F)SC[C@@H](C(=O)N(C)CC(=O)N[C@@H](CCc3cc(F)c(C(F)(F)F)c(F)c3)C(=O)N3CC(F)(F)C[C@H]3C(=O)NC3(CCC3)C(=O)N(C)[C@@H](C3CCCC3)C(=O)N(C)[C@H](C(=O)N(C)C)CC(=O)N2C)N(CC)C(=O)[C@@H]2CCN2C(=O)[C@H](C)N(C)C1=O,1578.68,108,True,PCTCN2025075389-ftappb-I100303.jpg,
1061,CC[C@H](C)[C@H]1C(=O)N(C)[C@@H](C)C(=O)N2[C@@H](CC2)C(=O)N(CC)[C@@H]3C(=O)N(C)CC(=O)N[C@@H](CCC4=CC(F)=C(C(F)=C4)C(F)(F)F)C(=O)N5[C@@H](CCC5)C(=O)N(C)C6(CC6)C(=O)N(C)[C@@H](C7CCCC7)C(=O)N(C)[C@@H](CC(=O)N(C)[C@H](CCNC(=S)C8=C(F)C(F)=C(SC3)C(F)=C8F)C(=O)N1)C(=O)N(C)C,CC[C@H](C)[C@@H]1NC(=O)[C@H]2CCNC(=S)c3c(F)c(F)c(c(F)c3F)SC[C@@H](C(=O)N(C)CC(=O)N[C@@H](CCc3cc(F)c(C(F)(F)F)c(F)c3)C(=O)N3CCC[C@H]3C(=O)N(C)C3(CC3)C(=O)N(C)[C@@H](C3CCCC3)C(=O)N(C)[C@H](C(=O)N(C)C)CC(=O)N2C)N(CC)C(=O)[C@@H]2CCN2C(=O)[C@H](C)N(C)C1=O,1542.7,106,True,PCTCN2025075389-ftappb-I100303.jpg,
1062,CC[C@H](C)[C@H]1C(=O)N(C)[C@@H](C)C(=O)N2[C@@H](CC2)C(=O)N(C)[C@@H]3C(=O)N(C)CC(=O)N[C@@H](CCC4=CC(F)=C(C(F)=C4)C(F)(F)F)C(=O)N5[C@@H](CC(F)(F)C5)C(=O)N(C)C6(CC6)C(=O)N(C)[C@@H](C7CCCC7)C(=O)N(C)[C@@H](CC(=O)N(C)[C@H](CCNC(=S)C8=C(F)C(F)=C(SC3)C(F)=C8F)C(=O)N1)C(=O)N(C)C,CC[C@H](C)[C@@H]1NC(=O)[C@H]2CCNC(=S)c3c(F)c(F)c(c(F)c3F)SC[C@@H](C(=O)N(C)CC(=O)N[C@@H](CCc3cc(F)c(C(F)(F)F)c(F)c3)C(=O)N3CC(F)(F)C[C@H]3C(=O)N(C)C3(CC3)C(=O)N(C)[C@@H](C3CCCC3)C(=O)N(C)[C@H](C(=O)N(C)C)CC(=O)N2C)N(C)C(=O)[C@@H]2CCN2C(=O)[C@H](C)N(C)C1=O,1564.65,107,True,PCTCN2025075389-ftappb-I100303.jpg,
1063,CC[C@H](C)[C@H]1C(=O)N(C)[C@@H](C)C(=O)N2[C@@H](CC2)C(=O)N(CC)[C@@H]3C(=O)N(C)CC(=O)N[C@@H](CCC4=CC(F)=C(C(F)=C4)C(F)(F)F)C(=O)N5[C@@H](CC(F)(F)C5)C(=O)N(C)C6(CC6)C(=O)N(C)[C@@H](C7CCCC7)C(=O)N(C)[C@@H](CC(=O)N(C)[C@H](CCNC(=S)C8=C(F)C(F)=C(SC3)C(F)=C8F)C(=O)N1)C(=O)N(C)C,CC[C@H](C)[C@@H]1NC(=O)[C@H]2CCNC(=S)c3c(F)c(F)c(c(F)c3F)SC[C@@H](C(=O)N(C)CC(=O)N[C@@H](CCc3cc(F)c(C(F)(F)F)c(F)c3)C(=O)N3CC(F)(F)C[C@H]3C(=O)N(C)C3(CC3)C(=O)N(C)[C@@H](C3CCCC3)C(=O)N(C)[C@H](C(=O)N(C)C)CC(=O)N2C)N(CC)C(=O)[C@@H]2CCN2C(=O)[C@H](C)N(C)C1=O,1578.68,108,True,PCTCN2025075389-ftappb-I100304.jpg,
1065,CC[C@H](C)[C@H]1C(=O)N(C)[C@@H](C)C(=O)N2[C@@H](CC2)C(=O)N(CC)[C@@H]3C(=O)N(C)CC(=O)N[C@@H](CCC4=CC(F)=C(C(F)=C4)C(F)(F)F)C(=O)N5[C@@H](CC(F)(F)C5)C(=O)N(C)C6(CCC6)C(=O)N(C)[C@@H](C7CCCC7)C(=O)N(C)[C@@H](CC(=O)N(C)[C@H](CCNC(=S)C8=C(F)C(F)=C(SC3)C(F)=C8F)C(=O)N1)C(=O)N9CCCC9,CC[C@H](C)[C@@H]1NC(=O)[C@H]2CCNC(=S)c3c(F)c(F)c(c(F)c3F)SC[C@@H](C(=O)N(C)CC(=O)N[C@@H](CCc3cc(F)c(C(F)(F)F)c(F)c3)C(=O)N3CC(F)(F)C[C@H]3C(=O)N(C)C3(CCC3)C(=O)N(C)[C@@H](C3CCCC3)C(=O)N(C)[C@H](C(=O)N3CCCC3)CC(=O)N2C)N(CC)C(=O)[C@@H]2CCN2C(=O)[C@H](C)N(C)C1=O,1618.75,111,True,PCTCN2025075389-ftappb-I100304.jpg,
1066,CC[C@H](C)[C@H]1C(=O)N(C)[C@@H](C)C(=O)N2[C@@H](CC2)C(=O)N(CC)[C@@H]3C(=O)N(C)CC(=O)N[C@@H](CCC4=CC(F)=C(C(F)=C4)C(F)(F)F)C(=O)N5[C@@H](CC(F)(F)C5)C(=O)N(C)C6(CCC6)C(=O)N(C)[C@@H](C7CCCC7)C(=O)N(C)[C@@H](CC(=O)N(C)[C@H](CCNC(=S)C8=C(F)C(F)=C(SC3)C(F)=C8F)C(=O)N1)C(=O)N9CCOCC9,CC[C@H](C)[C@@H]1NC(=O)[C@H]2CCNC(=S)c3c(F)c(F)c(c(F)c3F)SC[C@@H](C(=O)N(C)CC(=O)N[C@@H](CCc3cc(F)c(C(F)(F)F)c(F)c3)C(=O)N3CC(F)(F)C[C@H]3C(=O)N(C)C3(CCC3)C(=O)N(C)[C@@H](C3CCCC3)C(=O)N(C)[C@H](C(=O)N3CCOCC3)CC(=O)N2C)N(CC)C(=O)[C@@H]2CCN2C(=O)[C@H](C)N(C)C1=O,1634.75,112,True,PCTCN2025075389-ftappb-I100304.jpg,
1067,CC[C@H](C)[C@H]1C(=O)N(C)[C@@H](C)C(=O)N2[C@@H](CC2)C(=O)N(CC)[C@@H]3C(=O)N(C)CC(=O)N[C@@H](CCC4=CC(F)=C(C(F)=C4)C(F)(F)F)C(=O)N5[C@@H](CC(F)(F)C5)C(=O)N(C)C6(CCC6)C(=O)N(C)[C@@H](C7CCCC7)C(=O)N(C)[C@@H](CC(=O)N(C)[C@H](CCNC(=S)C8=C(F)C(F)=C(SC3)C(F)=C8F)C(=O)N1)C(=O)N9CC(C)(C)CCC9,CC[C@H](C)[C@@H]1NC(=O)[C@H]2CCNC(=S)c3c(F)c(F)c(c(F)c3F)SC[C@@H](C(=O)N(C)CC(=O)N[C@@H](CCc3cc(F)c(C(F)(F)F)c(F)c3)C(=O)N3CC(F)(F)C[C@H]3C(=O)N(C)C3(CCC3)C(=O)N(C)[C@@H](C3CCCC3)C(=O)N(C)[C@H](C(=O)N3CCCC(C)(C)C3)CC(=O)N2C)N(CC)C(=O)[C@@H]2CCN2C(=O)[C@H](C)N(C)C1=O,1660.83,114,True,PCTCN2025075389-ftappb-I100305.jpg,
1068,CC[C@H](C)[C@H]1C(=O)N(C)[C@@H](C)C(=O)N2[C@@H](CC2)C(=O)N(C)[C@@H]3C(=O)N(C)CC(=O)N[C@@H](CCC4=CC(F)=C(C(F)=C4)C(F)(F)F)C(=O)N5[C@@H](CC(F)(F)C5)C(=O)N(C)C6(CCC6)C(=O)N(C)[C@@H](C7CCCC7)C(=O)N(C)[C@@H](CC(=O)N(C)[C@H](CCNC(=S)C8=C(F)C(F)=C(SC3)C(F)=C8F)C(=O)N1)C(=O)N(C)C,CC[C@H](C)[C@@H]1NC(=O)[C@H]2CCNC(=S)c3c(F)c(F)c(c(F)c3F)SC[C@@H](C(=O)N(C)CC(=O)N[C@@H](CCc3cc(F)c(C(F)(F)F)c(F)c3)C(=O)N3CC(F)(F)C[C@H]3C(=O)N(C)C3(CCC3)C(=O)N(C)[C@@H](C3CCCC3)C(=O)N(C)[C@H](C(=O)N(C)C)CC(=O)N2C)N(C)C(=O)[C@@H]2CCN2C(=O)[C@H](C)N(C)C1=O,1578.68,108,True,PCTCN2025075389-ftappb-I100305.jpg,
1070,CC[C@H](C)[C@H]1C(=O)N(C)[C@@H](C)C(=O)N2[C@@H](CC2)C(=O)N(C)[C@@H]3C(=O)N(C)CC(=O)N[C@@H](CCC4=CC(F)=C(C(F)=C4)C(F)(F)F)C(=O)N5[C@@H](CC(F)(F)C5)C(=O)N(C)C6(CCC6)C(=O)N(C)[C@@H](C7CCCC7)C(=O)N(C)[C@@H](CC(=O)N(C)[C@H](CCNC(=S)C8=C(F)C(F)=C(SC3)C(F)=C8F)C(=O)N1)C(=O)N9CCCC9,CC[C@H](C)[C@@H]1NC(=O)[C@H]2CCNC(=S)c3c(F)c(F)c(c(F)c3F)SC[C@@H](C(=O)N(C)CC(=O)N[C@@H](CCc3cc(F)c(C(F)(F)F)c(F)c3)C(=O)N3CC(F)(F)C[C@H]3C(=O)N(C)C3(CCC3)C(=O)N(C)[C@@H](C3CCCC3)C(=O)N(C)[C@H](C(=O)N3CCCC3)CC(=O)N2C)N(C)C(=O)[C@@H]2CCN2C(=O)[C@H](C)N(C)C1=O,1604.72,110,True,PCTCN2025075389-ftappb-I100305.jpg,
1071,CC[C@H](C)[C@H]1C(=O)N(C)[C@@H](C)C(=O)N2[C@@H](CC2)C(=O)N(C)[C@@H]3C(=O)N(C)CC(=O)N[C@@H](CCC4=CC(F)=C(C(F)=C4)C(F)(F)F)C(=O)N5[C@@H](CC(F)(F)C5)C(=O)N(C)C6(CCC6)C(=O)N(C)[C@@H](C7CCCC7)C(=O)N(C)[C@@H](CC(=O)N(C)[C@H](CCNC(=S)C8=C(F)C(F)=C(SC3)C(F)=C8F)C(=O)N1)C(=O)N9CCOCC9,CC[C@H](C)[C@@H]1NC(=O)[C@H]2CCNC(=S)c3c(F)c(F)c(c(F)c3F)SC[C@@H](C(=O)N(C)CC(=O)N[C@@H](CCc3cc(F)c(C(F)(F)F)c(F)c3)C(=O)N3CC(F)(F)C[C@H]3C(=O)N(C)C3(CCC3)C(=O)N(C)[C@@H](C3CCCC3)C(=O)N(C)[C@H](C(=O)N3CCOCC3)CC(=O)N2C)N(C)C(=O)[C@@H]2CCN2C(=O)[C@H](C)N(C)C1=O,1620.72,111,True,PCTCN2025075389-ftappb-I100306.jpg,
1072,CC[C@H](C)[C@H]1C(=O)N(C)[C@@H](C)C(=O)N2[C@@H](CC2)C(=O)N(C)[C@@H]3C(=O)N(C)CC(=O)N[C@@H](CCC4=CC(F)=C(C(F)=C4)C(F)(F)F)C(=O)N5[C@@H](CC(F)(F)C5)C(=O)N(C)C6(CCC6)C(=O)N(C)[C@@H](C7CCCC7)C(=O)N(C)[C@@H](CC(=O)N(C)[C@H](CCNC(=S)C8=C(F)C(F)=C(SC3)C(F)=C8F)C(=O)N1)C(=O)N9CC(C)(C)CCC9,CC[C@H](C)[C@@H]1NC(=O)[C@H]2CCNC(=S)c3c(F)c(F)c(c(F)c3F)SC[C@@H](C(=O)N(C)CC(=O)N[C@@H](CCc3cc(F)c(C(F)(F)F)c(F)c3)C(=O)N3CC(F)(F)C[C@H]3C(=O)N(C)C3(CCC3)C(=O)N(C)[C@@H](C3CCCC3)C(=O)N(C)[C@H](C(=O)N3CCCC(C)(C)C3)CC(=O)N2C)N(C)C(=O)[C@@H]2CCN2C(=O)[C@H](C)N(C)C1=O,1646.8,113,True,PCTCN2025075389-ftappb-I100306.jpg,
1073,CC[C@H](C)[C@H]1C(=O)N(C)[C@@H](C)C(=O)N2[C@@H](CC2)C(=O)N(C)[C@@H]3C(=O)N(C)CC(=O)N[C@@H](CCC4=CC(F)=C(C(F)=C4)C(F)(F)F)C(=O)N5[C@@H](CC(F)(F)C5)C(=O)NC6(CCC6)C(=O)N(C)[C@@H](C7CCCC7)C(=O)N(C)[C@@H](CC(=O)N(C)[C@H](CCNC(=S)C8=C(F)C(F)=C(SC3)C(F)=C8F)C(=O)N1)C(=O)N9CCCC9,CC[C@H](C)[C@@H]1NC(=O)[C@H]2CCNC(=S)c3c(F)c(F)c(c(F)c3F)SC[C@@H](C(=O)N(C)CC(=O)N[C@@H](CCc3cc(F)c(C(F)(F)F)c(F)c3)C(=O)N3CC(F)(F)C[C@H]3C(=O)NC3(CCC3)C(=O)N(C)[C@@H](C3CCCC3)C(=O)N(C)[C@H](C(=O)N3CCCC3)CC(=O)N2C)N(C)C(=O)[C@@H]2CCN2C(=O)[C@H](C)N(C)C1=O,1590.69,109,True,PCTCN2025075389-ftappb-I100306.jpg,
1074,CC[C@H](C)[C@H]1C(=O)N(C)[C@@H](C)C(=O)N2[C@@H](CC2)C(=O)N(C)[C@@H]3C(=O)N(C)CC(=O)N[C@@H](CCC4=CC(F)=C(C(F)=C4)C(F)(F)F)C(=O)N5[C@@H](CC(F)(F)C5)C(=O)NC6(CCC6)C(=O)N(C)[C@@H](C7CCCC7)C(=O)N(C)[C@@H](CC(=O)N(C)[C@H](CCNC(=S)C8=C(F)C(F)=C(SC3)C(F)=C8F)C(=O)N1)C(=O)N9CCOCC9,CC[C@H](C)[C@@H]1NC(=O)[C@H]2CCNC(=S)c3c(F)c(F)c(c(F)c3F)SC[C@@H](C(=O)N(C)CC(=O)N[C@@H](CCc3cc(F)c(C(F)(F)F)c(F)c3)C(=O)N3CC(F)(F)C[C@H]3C(=O)NC3(CCC3)C(=O)N(C)[C@@H](C3CCCC3)C(=O)N(C)[C@H](C(=O)N3CCOCC3)CC(=O)N2C)N(C)C(=O)[C@@H]2CCN2C(=O)[C@H](C)N(C)C1=O,1606.69,110,True,PCTCN2025075389-ftappb-I100306.jpg,
1075,CC[C@H](C)[C@H]1C(=O)N(C)[C@@H](C)C(=O)N2[C@@H](CC2)C(=O)N(C)[C@@H]3C(=O)N(C)CC(=O)N[C@@H](CCC4=CC(F)=C(C(F)=C4)C(F)(F)F)C(=O)N5[C@@H](CC(F)(F)C5)C(=O)NC6(CCC6)C(=O)N(C)[C@@H](C7CCCC7)C(=O)N(C)[C@@H](CC(=O)N(C)[C@H](CCNC(=S)C8=C(F)C(F)=C(SC3)C(F)=C8F)C(=O)N1)C(=O)N9CC(C)(C)CCC9,CC[C@H](C)[C@@H]1NC(=O)[C@H]2CCNC(=S)c3c(F)c(F)c(c(F)c3F)SC[C@@H](C(=O)N(C)CC(=O)N[C@@H](CCc3cc(F)c(C(F)(F)F)c(F)c3)C(=O)N3CC(F)(F)C[C@H]3C(=O)NC3(CCC3)C(=O)N(C)[C@@H](C3CCCC3)C(=O)N(C)[C@H](C(=O)N3CCCC(C)(C)C3)CC(=O)N2C)N(C)C(=O)[C@@H]2CCN2C(=O)[C@H](C)N(C)C1=O,1632.77,112,True,PCTCN2025075389-ftappb-I100307.jpg,
1076,CC[C@H](C)[C@H]1C(=O)N(C)[C@@H](C)C(=O)N2[C@@H](CC2)C(=O)N(CC)[C@@H]3C(=O)N(C)CC(=O)N[C@@H](CCC4=CC(F)=C(C(F)=C4)C(F)(F)F)C(=O)N5[C@@H](CC(F)(F)C5)C(=O)NC6(CCC6)C(=O)N(C)[C@@H](C7CCCC7)C(=O)N(C)[C@@H](CC(=O)N(C)[C@H](CCNC(=S)C8=C(F)C(F)=C(SC3)C(F)=C8F)C(=O)N1)C(=O)N9CCCC9,CC[C@H](C)[C@@H]1NC(=O)[C@H]2CCNC(=S)c3c(F)c(F)c(c(F)c3F)SC[C@@H](C(=O)N(C)CC(=O)N[C@@H](CCc3cc(F)c(C(F)(F)F)c(F)c3)C(=O)N3CC(F)(F)C[C@H]3C(=O)NC3(CCC3)C(=O)N(C)[C@@H](C3CCCC3)C(=O)N(C)[C@H](C(=O)N3CCCC3)CC(=O)N2C)N(CC)C(=O)[C@@H]2CCN2C(=O)[C@H](C)N(C)C1=O,1604.72,110,True,PCTCN2025075389-ftappb-I100307.jpg,
1077,CC[C@H](C)[C@H]1C(=O)N(C)[C@@H](C)C(=O)N2[C@@H](CC2)C(=O)N(CC)[C@@H]3C(=O)N(C)CC(=O)N[C@@H](CCC4=CC(F)=C(C(F)=C4)C(F)(F)F)C(=O)N5[C@@H](CC(F)(F)C5)C(=O)NC6(CCC6)C(=O)N(C)[C@@H](C7CCCC7)C(=O)N(C)[C@@H](CC(=O)N(C)[C@H](CCNC(=S)C8=C(F)C(F)=C(SC3)C(F)=C8F)C(=O)N1)C(=O)N9CCOCC9,CC[C@H](C)[C@@H]1NC(=O)[C@H]2CCNC(=S)c3c(F)c(F)c(c(F)c3F)SC[C@@H](C(=O)N(C)CC(=O)N[C@@H](CCc3cc(F)c(C(F)(F)F)c(F)c3)C(=O)N3CC(F)(F)C[C@H]3C(=O)NC3(CCC3)C(=O)N(C)[C@@H](C3CCCC3)C(=O)N(C)[C@H](C(=O)N3CCOCC3)CC(=O)N2C)N(CC)C(=O)[C@@H]2CCN2C(=O)[C@H](C)N(C)C1=O,1620.72,111,True,PCTCN2025075389-ftappb-I100307.jpg,
1078,CC[C@H](C)[C@H]1C(=O)N(C)[C@@H](C)C(=O)N2[C@@H](CC2)C(=O)N(CC)[C@@H]3C(=O)N(C)CC(=O)N[C@@H](CCC4=CC(F)=C(C(F)=C4)C(F)(F)F)C(=O)N5[C@@H](CC(F)(F)C5)C(=O)NC6(CCC6)C(=O)N(C)[C@@H](C7CCCC7)C(=O)N(C)[C@@H](CC(=O)N(C)[C@H](CCNC(=S)C8=C(F)C(F)=C(SC3)C(F)=C8F)C(=O)N1)C(=O)N9CC(C)(C)CCC9,CC[C@H](C)[C@@H]1NC(=O)[C@H]2CCNC(=S)c3c(F)c(F)c(c(F)c3F)SC[C@@H](C(=O)N(C)CC(=O)N[C@@H](CCc3cc(F)c(C(F)(F)F)c(F)c3)C(=O)N3CC(F)(F)C[C@H]3C(=O)NC3(CCC3)C(=O)N(C)[C@@H](C3CCCC3)C(=O)N(C)[C@H](C(=O)N3CCCC(C)(C)C3)CC(=O)N2C)N(CC)C(=O)[C@@H]2CCN2C(=O)[C@H](C)N(C)C1=O,1646.8,113,True,PCTCN2025075389-ftappb-I100307.jpg,
1079,CC[C@H](C)[C@H]1C(=O)N(C)[C@@H](C)C(=O)N2[C@@H](CC2)C(=O)N(C)[C@@H]3C(=O)N(C)CC(=O)N[C@@H](CCC4=CC(F)=C(C(F)=C4)C(F)(F)F)C(=O)N5[C@@H](CCC5)C(=O)N(C)C6(CCC6)C(=O)N(C)[C@@H](C7CCCC7)C(=O)N(C)[C@H](C(=O)N(C)C)CC(=O)N(C)[C@H](CCNC(=S)C8=C(F)C(F)=C(SC3)C(F)=C8F)C(=O)N1,CC[C@H](C)[C@@H]1NC(=O)[C@H]2CCNC(=S)c3c(F)c(F)c(c(F)c3F)SC[C@@H](C(=O)N(C)CC(=O)N[C@@H](CCc3cc(F)c(C(F)(F)F)c(F)c3)C(=O)N3CCC[C@H]3C(=O)N(C)C3(CCC3)C(=O)N(C)[C@@H](C3CCCC3)C(=O)N(C)[C@H](C(=O)N(C)C)CC(=O)N2C)N(C)C(=O)[C@@H]2CCN2C(=O)[C@H](C)N(C)C1=O,1542.7,106,True,PCTCN2025075389-ftappb-I100308.jpg,
1080,CC[C@H](C)[C@H]1C(=O)N(C)[C@@H](C)C(=O)N2[C@@H](CC2)C(=O)N(CC)[C@@H]3C(=O)N(C)CC(=O)N[C@@H](CCC4=CC(F)=C(C(F)=C4)C(F)(F)F)C(=O)N5[C@@H](CC(F)(F)C5)C(=O)NC6(CCC6)C(=O)N(C)C(C7CCCC7)C(=O)N(C)[C@H](C(=O)N(C)C)CC(=O)N(CC)[C@H](CCNC(=S)C8=C(F)C(F)=C(SC3)C(F)=C8F)C(=O)N1,CC[C@H](C)[C@@H]1NC(=O)[C@H]2CCNC(=S)c3c(F)c(F)c(c(F)c3F)SC[C@@H](C(=O)N(C)CC(=O)N[C@@H](CCc3cc(F)c(C(F)(F)F)c(F)c3)C(=O)N3CC(F)(F)C[C@H]3C(=O)NC3(CCC3)C(=O)N(C)C(C3CCCC3)C(=O)N(C)[C@H](C(=O)N(C)C)CC(=O)N2CC)N(CC)C(=O)[C@@H]2CCN2C(=O)[C@H](C)N(C)C1=O,1592.71,109,True,PCTCN2025075389-ftappb-I100308.jpg,
1081,CCCN1C(=O)[C@H]2N(CC2)C(=O)[C@H](C)N(C)C(=O)[C@H]([C@@H](C)CC)NC(=O)[C@H]3N(C)C(=O)C[C@@H](C(=O)N(C)C)N(C)C(=O)[C@H](C4CCCC4)N(C)C(=O)C5(CCC5)NC(=O)[C@H]6N(CC(F)(F)C6)C(=O)[C@H](CCC7=CC(F)=C(C(F)=C7)C(F)(F)F)NC(=O)CN(C)C(=O)[C@H]1CSC8=C(F)C(F)=C(C(=S)NCC3)C(F)=C8F,CCCN1C(=O)[C@@H]2CCN2C(=O)[C@H](C)N(C)C(=O)[C@H]([C@@H](C)CC)NC(=O)[C@@H]2CCNC(=S)c3c(F)c(F)c(c(F)c3F)SC[C@@H]1C(=O)N(C)CC(=O)N[C@@H](CCc1cc(F)c(C(F)(F)F)c(F)c1)C(=O)N1CC(F)(F)C[C@H]1C(=O)NC1(CCC1)C(=O)N(C)[C@@H](C1CCCC1)C(=O)N(C)[C@H](C(=O)N(C)C)CC(=O)N2C,1592.71,109,True,PCTCN2025075389-ftappb-I100308.jpg,
1082,CCCN1C(=O)[C@H]2N(CC2)C(=O)[C@H](C)N(C)C(=O)[C@H]([C@@H](C)CC)NC(=O)[C@H]3N(CC)C(=O)C[C@@H](C(=O)N(C)C)N(C)C(=O)[C@H](C4CCCC4)N(C)C(=O)C5(CCC5)NC(=O)[C@H]6N(CC(F)(F)C6)C(=O)[C@H](CCC7=CC(F)=C(C(F)=C7)C(F)(F)F)NC(=O)CN(C)C(=O)[C@H]1CSC8=C(F)C(F)=C(C(=S)NCC3)C(F)=C8F,CCCN1C(=O)[C@@H]2CCN2C(=O)[C@H](C)N(C)C(=O)[C@H]([C@@H](C)CC)NC(=O)[C@@H]2CCNC(=S)c3c(F)c(F)c(c(F)c3F)SC[C@@H]1C(=O)N(C)CC(=O)N[C@@H](CCc1cc(F)c(C(F)(F)F)c(F)c1)C(=O)N1CC(F)(F)C[C@H]1C(=O)NC1(CCC1)C(=O)N(C)[C@@H](C1CCCC1)C(=O)N(C)[C@H](C(=O)N(C)C)CC(=O)N2CC,1606.73,110,True,PCTCN2025075389-ftappb-I100308.jpg,
1083,CC[C@H](C)[C@H]1C(=O)N(C)[C@@H](C)C(=O)N2[C@@H](CC2)C(=O)N(CC)[C@@H]3C(=O)N(C)CC(=O)N[C@@H](CCC4=CC(F)=C(C(F)=C4)C(F)(F)F)C(=O)N5[C@@H](CC(F)(F)C5)C(=O)N(C)C6(CCC6)C(=O)N(C)[C@@H](C7CCCC7)C(=O)N(C)[C@H](C(=O)N(C)C)CC(=O)N(CC)[C@H](CCNC(=S)C8=C(F)C(F)=C(SC3)C(F)=C8F)C(=O)N1,CC[C@H](C)[C@@H]1NC(=O)[C@H]2CCNC(=S)c3c(F)c(F)c(c(F)c3F)SC[C@@H](C(=O)N(C)CC(=O)N[C@@H](CCc3cc(F)c(C(F)(F)F)c(F)c3)C(=O)N3CC(F)(F)C[C@H]3C(=O)N(C)C3(CCC3)C(=O)N(C)[C@@H](C3CCCC3)C(=O)N(C)[C@H](C(=O)N(C)C)CC(=O)N2CC)N(CC)C(=O)[C@@H]2CCN2C(=O)[C@H](C)N(C)C1=O,1606.73,110,True,PCTCN2025075389-ftappb-I100309.jpg,
1084,CCCN1C(=O)[C@H]2N(CC2)C(=O)[C@H](C)N(C)C(=O)[C@H]([C@@H](C)CC)NC(=O)[C@H]3N(C)C(=O)C[C@@H](C(=O)N(C)C)N(C)C(=O)[C@H](C4CCCC4)N(C)C(=O)C5(CCC5)N(C)C(=O)[C@H]6N(CC(F)(F)C6)C(=O)[C@H](CCC7=CC(F)=C(C(F)=C7)C(F)(F)F)NC(=O)CN(C)C(=O)[C@H]1CSC8=C(F)C(F)=C(C(=S)NCC3)C(F)=C8F,CCCN1C(=O)[C@@H]2CCN2C(=O)[C@H](C)N(C)C(=O)[C@H]([C@@H](C)CC)NC(=O)[C@@H]2CCNC(=S)c3c(F)c(F)c(c(F)c3F)SC[C@@H]1C(=O)N(C)CC(=O)N[C@@H](CCc1cc(F)c(C(F)(F)F)c(F)c1)C(=O)N1CC(F)(F)C[C@H]1C(=O)N(C)C1(CCC1)C(=O)N(C)[C@@H](C1CCCC1)C(=O)N(C)[C@H](C(=O)N(C)C)CC(=O)N2C,1606.73,110,True,PCTCN2025075389-ftappb-I100309.jpg,
1085,CCCN1C(=O)[C@H]2N(CC2)C(=O)[C@H](C)N(C)C(=O)[C@H]([C@@H](C)CC)NC(=O)[C@H]3N(CC)C(=O)C[C@@H](C(=O)N(C)C)N(C)C(=O)[C@H](C4CCCC4)N(C)C(=O)C5(CCC5)N(C)C(=O)[C@H]6N(CC(F)(F)C6)C(=O)[C@@H](NC(=O)CN(C)C(=O)[C@H]1CSC7=C(F)C(F)=C(C(=S)NCC3)C(F)=C7F)CCC8=CC(F)=C(C(F)=C8)C(F)(F)F,CCCN1C(=O)[C@@H]2CCN2C(=O)[C@H](C)N(C)C(=O)[C@H]([C@@H](C)CC)NC(=O)[C@@H]2CCNC(=S)c3c(F)c(F)c(c(F)c3F)SC[C@@H]1C(=O)N(C)CC(=O)N[C@@H](CCc1cc(F)c(C(F)(F)F)c(F)c1)C(=O)N1CC(F)(F)C[C@H]1C(=O)N(C)C1(CCC1)C(=O)N(C)[C@@H](C1CCCC1)C(=O)N(C)[C@H](C(=O)N(C)C)CC(=O)N2CC,1620.76,111,True,PCTCN2025075389-ftappb-I100309.jpg,
1086,CC[C@H](C)[C@H]1C(=O)N(C)[C@@H](C)C(=O)N2[C@@H](CC2)C(=O)N(CC)[C@H]3C(=O)N(C)CC(=O)N[C@@H](CCC4=CC(F)=C(C(F)=C4)C(F)(F)F)C(=O)N5[C@@H](CC(F)(F)C5)C(=O)NC6(CCC6)C(=O)N(C)[C@@H](C7CCCC7)C(=O)N(C)[C@H](C)CC(=O)N(C)[C@@H](CCNC(=S)C8=C(F)C(F)=C(SC3)C(F)=C8F)C(=O)N1,CC[C@H](C)[C@@H]1NC(=O)[C@@H]2CCNC(=S)c3c(F)c(F)c(c(F)c3F)SC[C@H](C(=O)N(C)CC(=O)N[C@@H](CCc3cc(F)c(C(F)(F)F)c(F)c3)C(=O)N3CC(F)(F)C[C@H]3C(=O)NC3(CCC3)C(=O)N(C)[C@@H](C3CCCC3)C(=O)N(C)[C@H](C)CC(=O)N2C)N(CC)C(=O)[C@@H]2CCN2C(=O)[C@H](C)N(C)C1=O,1521.63,104,True,PCTCN2025075389-ftappb-I100309.jpg,
1087,CC[C@H](C)[C@H]1C(=O)N(C)[C@@H](C)C(=O)N2[C@@H](CC2)C(=O)N(CC)[C@H]3C(=O)N(C)CC(=O)N[C@@H](CCC4=CC(F)=C(C(F)=C4)C(F)(F)F)C(=O)N5[C@@H](CC(F)(F)C5)C(=O)N(C)C6(CCC6)C(=O)N(C)[C@@H](C7CCCC7)C(=O)N(C)[C@H](C)CC(=O)N(C)[C@@H](CCNC(=S)C8=C(F)C(F)=C(SC3)C(F)=C8F)C(=O)N1,CC[C@H](C)[C@@H]1NC(=O)[C@@H]2CCNC(=S)c3c(F)c(F)c(c(F)c3F)SC[C@H](C(=O)N(C)CC(=O)N[C@@H](CCc3cc(F)c(C(F)(F)F)c(F)c3)C(=O)N3CC(F)(F)C[C@H]3C(=O)N(C)C3(CCC3)C(=O)N(C)[C@@H](C3CCCC3)C(=O)N(C)[C@H](C)CC(=O)N2C)N(CC)C(=O)[C@@H]2CCN2C(=O)[C@H](C)N(C)C1=O,1535.66,105,True,PCTCN2025075389-ftappb-I100310.jpg,
1088,CN(C)C(=O)[C@H]1N(C)C(=O)[C@H](C2CCCC2)N(C)C(=O)C3(CCC3)NC(=O)[C@H]4N(CC(F)(F)C4)C(=O)[C@H](CCC5=CC(F)=C(C(F)=C5)C(F)(F)F)NC(=O)CN(C)C(=O)[C@@H]6N(CC)C(=O)[C@H]7N(CC7)C(=O)[C@H](C)N(C)C(=O)[C@H](C(C)C)NC(=O)[C@H](CCNC(=S)C8=C(F)C(F)=C(SC6)C(F)=C8F)N(C)C(=O)C1,CCN1C(=O)[C@@H]2CCN2C(=O)[C@H](C)N(C)C(=O)[C@H](C(C)C)NC(=O)[C@@H]2CCNC(=S)c3c(F)c(F)c(c(F)c3F)SC[C@@H]1C(=O)N(C)CC(=O)N[C@@H](CCc1cc(F)c(C(F)(F)F)c(F)c1)C(=O)N1CC(F)(F)C[C@H]1C(=O)NC1(CCC1)C(=O)N(C)[C@@H](C1CCCC1)C(=O)N(C)[C@H](C(=O)N(C)C)CC(=O)N2C,1564.65,107,True,PCTCN2025075389-ftappb-I100310.jpg,
1089,CN(C)C(=O)[C@H]1N(C)C(=O)[C@H](C2CCCC2)N(C)C(=O)C3(CCC3)NC(=O)[C@H]4N(CC(F)(F)C4)C(=O)[C@@H](NC(=O)CN(C)C(=O)[C@@H]5N(CC)C(=O)[C@H]6N(CC6)C(=O)[C@H](C)N(C)C(=O)[C@@H](NC(=O)[C@H](CCNC(=S)C7=C(F)C(F)=C(SC5)C(F)=C7F)N(C)C(=O)C1)C8CCCC8)CCC9=CC(F)=C(C(F)=C9)C(F)(F)F,CCN1C(=O)[C@@H]2CCN2C(=O)[C@H](C)N(C)C(=O)[C@H](C2CCCC2)NC(=O)[C@@H]2CCNC(=S)c3c(F)c(F)c(c(F)c3F)SC[C@@H]1C(=O)N(C)CC(=O)N[C@@H](CCc1cc(F)c(C(F)(F)F)c(F)c1)C(=O)N1CC(F)(F)C[C@H]1C(=O)NC1(CCC1)C(=O)N(C)[C@@H](C1CCCC1)C(=O)N(C)[C@H](C(=O)N(C)C)CC(=O)N2C,1590.69,109,True,PCTCN2025075389-ftappb-I100310.jpg,
1092,CCCN1C(=O)[C@H]2N(CC2)C(=O)[C@H](C)N(C)C(=O)[C@H]([C@@H](C)CC)NC(=O)[C@@H]3N(C)C(=O)C[C@@H](C(=O)N(C)C(C)C)N(C)C(=O)[C@H](C4CCCC4)N(C)C(=O)C5(CCC5)NC(=O)[C@H]6N(CC(F)(F)C6)C(=O)[C@H](CCC7=CC(F)=C(C(F)=C7)C(F)(F)F)NC(=O)CN(C)C(=O)[C@@H]1CSC8=C(F)C(F)=C(C(=S)NCC3)C(F)=C8F,CCCN1C(=O)[C@@H]2CCN2C(=O)[C@H](C)N(C)C(=O)[C@H]([C@@H](C)CC)NC(=O)[C@H]2CCNC(=S)c3c(F)c(F)c(c(F)c3F)SC[C@H]1C(=O)N(C)CC(=O)N[C@@H](CCc1cc(F)c(C(F)(F)F)c(F)c1)C(=O)N1CC(F)(F)C[C@H]1C(=O)NC1(CCC1)C(=O)N(C)[C@@H](C1CCCC1)C(=O)N(C)[C@H](C(=O)N(C)C(C)C)CC(=O)N2C,1620.76,111,True,PCTCN2025075389-ftappb-I100311.jpg,
1093,CC[C@H](C)[C@H]1C(=O)N(C)[C@@H](C)C(=O)N2[C@@H](CC2)C(=O)N(CC)[C@@H]3C(=O)N(C)CC(=O)N[C@@H](CCC4=CC(F)=C(C(F)=C4)C(F)(F)F)C(=O)N5[C@@H](CC(F)(F)C5)C(=O)NC6(CCC6)C(=O)N(C)[C@@H](C7CCCC7)C(=O)N(C)[C@@H](CC(=O)N(C)[C@H](CCNC(=S)C8=C(F)C(F)=C(SC3)C(F)=C8F)C(=O)N1)C(=O)N(CC)CC,CC[C@H](C)[C@@H]1NC(=O)[C@H]2CCNC(=S)c3c(F)c(F)c(c(F)c3F)SC[C@@H](C(=O)N(C)CC(=O)N[C@@H](CCc3cc(F)c(C(F)(F)F)c(F)c3)C(=O)N3CC(F)(F)C[C@H]3C(=O)NC3(CCC3)C(=O)N(C)[C@@H](C3CCCC3)C(=O)N(C)[C@H](C(=O)N(CC)CC)CC(=O)N2C)N(CC)C(=O)[C@@H]2CCN2C(=O)[C@H](C)N(C)C1=O,1606.73,110,True,PCTCN2025075389-ftappb-I100311.jpg,
1095,CC[C@H](C)[C@H]1C(=O)N(C)[C@@H](C)C(=O)N2[C@@H](CC2)C(=O)N(CC)[C@@H]3C(=O)N(C)CC(=O)N[C@@H](CCC4=CC(F)=C(C(F)=C4)C(F)(F)F)C(=O)N5[C@@H](CSC5)C(=O)NC6(CCC6)C(=O)N(C)[C@@H](C7CCCC7)C(=O)N(C)[C@@H](CC(=O)N(C)[C@H](CCNC(=S)C8=C(F)C(F)=C(SC3)C(F)=C8F)C(=O)N1)C(=O)N(C)C,CC[C@H](C)[C@@H]1NC(=O)[C@H]2CCNC(=S)c3c(F)c(F)c(c(F)c3F)SC[C@@H](C(=O)N(C)CC(=O)N[C@@H](CCc3cc(F)c(C(F)(F)F)c(F)c3)C(=O)N3CSC[C@H]3C(=O)NC3(CCC3)C(=O)N(C)[C@@H](C3CCCC3)C(=O)N(C)[C@H](C(=O)N(C)C)CC(=O)N2C)N(CC)C(=O)[C@@H]2CCN2C(=O)[C@H](C)N(C)C1=O,1560.74,106,True,PCTCN2025075389-ftappb-I100312.jpg,
1096,CC[C@H](C)[C@H]1C(=O)N(C)[C@@H](C)C(=O)N2[C@@H](CC2)C(=O)N(C)[C@@H]3C(=O)N(C)CC(=O)N[C@@H](CCC4=CC(F)=C(C(F)=C4)C(F)(F)F)C(=O)N5[C@@H](CSC5)C(=O)N(C)C6(CCC6)C(=O)N(C)[C@@H](C7CCCC7)C(=O)N(C)[C@H](C(=O)N(C)C)CC(=O)N(C)[C@H](CCNC(=S)C8=C(F)C(F)C(SC3)C(F)=C8F)C(=O)N1,CC[C@H](C)[C@@H]1NC(=O)[C@H]2CCNC(=S)C3=C(F)C(F)C(SC[C@@H](C(=O)N(C)CC(=O)N[C@@H](CCc4cc(F)c(C(F)(F)F)c(F)c4)C(=O)N4CSC[C@H]4C(=O)N(C)C4(CCC4)C(=O)N(C)[C@@H](C4CCCC4)C(=O)N(C)[C@H](C(=O)N(C)C)CC(=O)N2C)N(C)C(=O)[C@@H]2CCN2C(=O)[C@H](C)N(C)C1=O)C(F)=C3F,1562.76,106,True,PCTCN2025075389-ftappb-I100312.jpg,
1099,FC(F)CO[C@@H]1C[C@H]2C(=O)N(C)C3(CCC3)C(=O)N(C)[C@@H](C4CCCC4)C(=O)N(C)[C@H](C(=O)N(C)C)CC(=O)N(C)[C@H]5C(=O)N[C@@H]([C@@H](C)CC)C(=O)N(C)[C@@H](C)C(=O)N6[C@@H](CC6)C(=O)N(C)[C@@H](CSC7=C(F)C(F)=C(C(=S)NCC5)C(F)=C7F)C(=O)N(C)CC(=O)N[C@@H](CCC8=CC(F)=C(C(F)=C8)C(F)(F)F)C(=O)N2C1,CC[C@H](C)[C@@H]1NC(=O)[C@H]2CCNC(=S)c3c(F)c(F)c(c(F)c3F)SC[C@@H](C(=O)N(C)CC(=O)N[C@@H](CCc3cc(F)c(C(F)(F)F)c(F)c3)C(=O)N3C[C@H](OCC(F)F)C[C@H]3C(=O)N(C)C3(CCC3)C(=O)N(C)[C@@H](C3CCCC3)C(=O)N(C)[C@H](C(=O)N(C)C)CC(=O)N2C)N(C)C(=O)[C@@H]2CCN2C(=O)[C@H](C)N(C)C1=O,1622.73,111,True,PCTCN2025075389-ftappb-I100313.jpg,
1101,FC(F)CO[C@@H]1C[C@H]2C(=O)N(C)C3(CCC3)C(=O)N(C)[C@@H](C4CCCC4)C(=O)N(C)[C@@H](CC(=O)N(C)[C@H]5C(=O)N[C@@H]([C@@H](C)CC)C(=O)N(C)[C@@H](C)C(=O)N6[C@@H](CC6)C(=O)N(CC)[C@@H](CSC7=C(F)C(F)=C(C(=S)NCC5)C(F)=C7F)C(=O)N(C)CC(=O)N[C@@H](CCC8=CC(F)=C(C(F)=C8)C(F)(F)F)C(=O)N2C1)C(=O)N(C)C,CC[C@H](C)[C@@H]1NC(=O)[C@H]2CCNC(=S)c3c(F)c(F)c(c(F)c3F)SC[C@@H](C(=O)N(C)CC(=O)N[C@@H](CCc3cc(F)c(C(F)(F)F)c(F)c3)C(=O)N3C[C@H](OCC(F)F)C[C@H]3C(=O)N(C)C3(CCC3)C(=O)N(C)[C@@H](C3CCCC3)C(=O)N(C)[C@H](C(=O)N(C)C)CC(=O)N2C)N(CC)C(=O)[C@@H]2CCN2C(=O)[C@H](C)N(C)C1=O,1636.76,112,True,PCTCN2025075389-ftappb-I100313.jpg,
1103,CCCN1C(=O)[C@H]2N(CC2)C(=O)[C@H](C)N(C)C(=O)[C@H]([C@@H](C)CC)NC(=O)[C@H]3N(C)C(=O)C[C@@H](C(=O)N(C)C)N(C)C(=O)[C@H](C4CCCC4)N(C)C(=O)C5(CCC5)N(C)C(=O)[C@H]6N(C[C@H](OCC(F)F)C6)C(=O)[C@H](CCC7=CC(F)=C(C(F)=C7)C(F)(F)F)NC(=O)CN(C)C(=O)[C@H]1CSC8=C(F)C(F)=C(C(=S)NCC3)C(F)=C8F,CCCN1C(=O)[C@@H]2CCN2C(=O)[C@H](C)N(C)C(=O)[C@H]([C@@H](C)CC)NC(=O)[C@@H]2CCNC(=S)c3c(F)c(F)c(c(F)c3F)SC[C@@H]1C(=O)N(C)CC(=O)N[C@@H](CCc1cc(F)c(C(F)(F)F)c(F)c1)C(=O)N1C[C@H](OCC(F)F)C[C@H]1C(=O)N(C)C1(CCC1)C(=O)N(C)[C@@H](C1CCCC1)C(=O)N(C)[C@H](C(=O)N(C)C)CC(=O)N2C,1650.79,113,True,PCTCN2025075389-ftappb-I100314.jpg,
1104,CCCN1C(=O)[C@H]2N(CC2)C(=O)[C@H](C)N(C)C(=O)[C@H]([C@@H](C)CC)NC(=O)[C@H]3N(C)C(=O)C[C@@H](C(=O)N(C)C)N(C)C(=O)[C@H](C4CCCC4)N(C)C(=O)C5(CCC5)NC(=O)[C@H]6N(CSC6)C(=O)[C@H](CCC7=CC(F)=C(C(F)=C7)C(F)(F)F)NC(=O)CN(C)C(=O)[C@H]1CSC8=C(F)C(F)=C(C(=S)NCC3)C(F)=C8F,CCCN1C(=O)[C@@H]2CCN2C(=O)[C@H](C)N(C)C(=O)[C@H]([C@@H](C)CC)NC(=O)[C@@H]2CCNC(=S)c3c(F)c(F)c(c(F)c3F)SC[C@@H]1C(=O)N(C)CC(=O)N[C@@H](CCc1cc(F)c(C(F)(F)F)c(F)c1)C(=O)N1CSC[C@H]1C(=O)NC1(CCC1)C(=O)N(C)[C@@H](C1CCCC1)C(=O)N(C)[C@H](C(=O)N(C)C)CC(=O)N2C,1574.77,107,True,PCTCN2025075389-ftappb-I100314.jpg,
1105,CCCN1C(=O)[C@H]2N(CC2)C(=O)[C@H](C)N(C)C(=O)[C@H]([C@@H](C)CC)NC(=O)[C@H]3N(C)C(=O)C[C@@H](C(=O)N(C)C)N(C)C(=O)[C@H](C4CCCC4)N(C)C(=O)C5(CCC5)N(C)C(=O)[C@H]6N(CSC6)C(=O)[C@H](CCC7=CC(F)=C(C(F)=C7)C(F)(F)F)NC(=O)CN(C)C(=O)[C@H]1CSC8=C(F)C(F)=C(C(=S)NCC3)C(F)=C8F,CCCN1C(=O)[C@@H]2CCN2C(=O)[C@H](C)N(C)C(=O)[C@H]([C@@H](C)CC)NC(=O)[C@@H]2CCNC(=S)c3c(F)c(F)c(c(F)c3F)SC[C@@H]1C(=O)N(C)CC(=O)N[C@@H](CCc1cc(F)c(C(F)(F)F)c(F)c1)C(=O)N1CSC[C@H]1C(=O)N(C)C1(CCC1)C(=O)N(C)[C@@H](C1CCCC1)C(=O)N(C)[C@H](C(=O)N(C)C)CC(=O)N2C,1588.79,108,True,PCTCN2025075389-ftappb-I100314.jpg,
1106,CCCN1C(=O)[C@H]2N(CC2)C(=O)[C@H](C)N(C)C(=O)[C@H]([C@@H](C)CC)NC(=O)[C@H]3N(C)C(=O)C[C@@H](C)N(C)C(=O)[C@H](C4CCCC4)N(C)-C(=O)C5(CCC5)N(C)C(=O)[C@H]6N(CC(F)(F)C6)C(=O)[C@H](CCC7=CC(F)=C(C(F)=C7)C(F)(F)F)NC(=O)CN(C)C(=O)[C@H]1CSC8=C(F)C(F)=C(C(=S)NCC3)C(F)=C8F,CCCN1C(=O)[C@@H]2CCN2C(=O)[C@H](C)N(C)C(=O)[C@H]([C@@H](C)CC)NC(=O)[C@@H]2CCNC(=S)c3c(F)c(F)c(c(F)c3F)SC[C@@H]1C(=O)N(C)CC(=O)N[C@@H](CCc1cc(F)c(C(F)(F)F)c(F)c1)C(=O)N1CC(F)(F)C[C@H]1C(=O)N(C)C1(CCC1)C(=O)N(C)[C@@H](C1CCCC1)C(=O)N(C)[C@H](C)CC(=O)N2C,1549.68,106,True,PCTCN2025075389-ftappb-I100314.jpg,
1116,CCN(CC)C(=O)[C@H]1N(C)C(=O)[C@H](C2CCCC2)N(C)C(=O)C3(CCC3)N(C)C(=O)[C@H]4N(CC(F)(F)C4)C(=O)[C@@H](NC(=O)CN(C)C(=O)[C@H]5N(CC)C(=O)[C@H]6N(CC6)C(=O)[C@H](C)N(C)C(=O)[C@H]([C@@H](C)CC)NC(=O)[C@@H](CCNC(=S)C7=C(F)C(F)=C(SC5)C(F)=C7F)N(C)C(=O)C1)CCC8=CC(F)=C(C(F)=C8)C(F)(F)F,CC[C@H](C)[C@@H]1NC(=O)[C@H]2CCNC(=S)c3c(F)c(F)c(c(F)c3F)SC[C@@H](C(=O)N(C)CC(=O)N[C@@H](CCc3cc(F)c(C(F)(F)F)c(F)c3)C(=O)N3CC(F)(F)C[C@H]3C(=O)N(C)C3(CCC3)C(=O)N(C)[C@@H](C3CCCC3)C(=O)N(C)[C@H](C(=O)N(CC)CC)CC(=O)N2C)N(CC)C(=O)[C@@H]2CCN2C(=O)[C@H](C)N(C)C1=O,1620.76,111,True,PCTCN2025075389-ftappb-I100317.jpg,
1119,CCCN1[C@@H]2C(=O)N(C)CC(=O)N[C@@H](CCC3=CC(F)=C(C(F)=C3)C(F)(F)F)C(=O)N4[C@@H](CSC4)C(=O)N(C)C5(CCC5)C(=O)N(C)[C@@H](C6CCCC6)C(=O)N(C)[C@@H](CC(=O)N(C)[C@H](CCNC(=S)C7=C(F)C(F)=C(SC2)C(F)=C7F)C(=O)N[C@@H]([C@@H](C)CC)C(=O)N(C)[C@@H](C)C(=O)N8[C@@H](CC8)C1=O)C(=O)N(CC)CC,CCCN1C(=O)[C@@H]2CCN2C(=O)[C@H](C)N(C)C(=O)[C@H]([C@@H](C)CC)NC(=O)[C@H]2CCNC(=S)c3c(F)c(F)c(c(F)c3F)SC[C@H]1C(=O)N(C)CC(=O)N[C@@H](CCc1cc(F)c(C(F)(F)F)c(F)c1)C(=O)N1CSC[C@H]1C(=O)N(C)C1(CCC1)C(=O)N(C)[C@@H](C1CCCC1)C(=O)N(C)[C@H](C(=O)N(CC)CC)CC(=O)N2C,1616.85,110,True,PCTCN2025075389-ftappb-I100318.jpg,
1120,CCN(CC)C(=O)[C@H]1N(C)C(=O)[C@H](C2CCCC-2)N(C)C(=O)C3(CCC3)NC(=O)[C@H]4N(CC(F)(F)C4)C(=O)[C@@H](NC(=O)CN(C)C(=O)[C@H]5N(CCC)C(=O)[C@H]6N(CC6)C(=O)[C@H](C)N(C)C(=O)[C@H]([C@@H](C)CC)NC(=O)[C@@H](CCNC(=S)C7=C(F)C(F)=C(SC5)C(F)=C7F)N(CC)C(=O)C1)CCC8=CC(F)=C(C(F)=C8)C(F)(F)F,CCCN1C(=O)[C@@H]2CCN2C(=O)[C@H](C)N(C)C(=O)[C@H]([C@@H](C)CC)NC(=O)[C@H]2CCNC(=S)c3c(F)c(F)c(c(F)c3F)SC[C@H]1C(=O)N(C)CC(=O)N[C@@H](CCc1cc(F)c(C(F)(F)F)c(F)c1)C(=O)N1CC(F)(F)C[C@H]1C(=O)NC1(CCC1)C(=O)N(C)[C@@H](C1CCCC1)C(=O)N(C)[C@H](C(=O)N(CC)CC)CC(=O)N2CC,1634.79,112,True,PCTCN2025075389-ftappb-I100318.jpg,
1121,CCN(CC)C(=O)[C@H]1N(C)C(=O)[C@H](C2CCCC2)N(C)C(=O)C3(CCC3)N(C)C(=O)[C@H]4N(CC(F)(F)C4)C(=O)[C@H](CCC5=CC(F)=C(C(F)=C5)C(F)(F)F)NC(=O)CN(C)C(=O)[C@H]6N(CCC)C(=O)[C@H]7N(CC7)C(=O)[C@H](C)N(C)C(=O)[C@H]([C@@H](C)CC)NC(=O)[C@@H](CCNC(=S)C8=C(F)C(F)=C(SC6)C(F)=C8F)N(CC)C(=O)C1,CCCN1C(=O)[C@@H]2CCN2C(=O)[C@H](C)N(C)C(=O)[C@H]([C@@H](C)CC)NC(=O)[C@H]2CCNC(=S)c3c(F)c(F)c(c(F)c3F)SC[C@H]1C(=O)N(C)CC(=O)N[C@@H](CCc1cc(F)c(C(F)(F)F)c(F)c1)C(=O)N1CC(F)(F)C[C@H]1C(=O)N(C)C1(CCC1)C(=O)N(C)[C@@H](C1CCCC1)C(=O)N(C)[C@H](C(=O)N(CC)CC)CC(=O)N2CC,1648.82,113,True,PCTCN2025075389-ftappb-I100318.jpg,
1123,CCCN1C(=O)[C@H]2N(CC2)C(=O)[C@H](C)N(C)C(=O)[C@H]([C@@H](C)CC)NC(=O)[C@H]3N(C)C(=O)C[C@@H](C(=O)N(C)C)N(C)C(=O)[C@H](C4CCCC4)N(C)C(=O)C5(CCC5)N(C)C(=O)[C@H]6N(CCC6)C(=O)[C@H](CCC7=CC(F)=C(C(F)=C7)C(F)(F)F)NC(=O)CN(C)C(=O)[C@H]1CSC8=C(F)C(F)=C(C(=S)NCC3)C(F)=C8F,CCCN1C(=O)[C@@H]2CCN2C(=O)[C@H](C)N(C)C(=O)[C@H]([C@@H](C)CC)NC(=O)[C@@H]2CCNC(=S)c3c(F)c(F)c(c(F)c3F)SC[C@@H]1C(=O)N(C)CC(=O)N[C@@H](CCc1cc(F)c(C(F)(F)F)c(F)c1)C(=O)N1CCC[C@H]1C(=O)N(C)C1(CCC1)C(=O)N(C)[C@@H](C1CCCC1)C(=O)N(C)[C@H](C(=O)N(C)C)CC(=O)N2C,1570.75,108,True,PCTCN2025075389-ftappb-I100319.jpg,
1124,CCCN1[C@@H]2C(=O)N(C)CC(=O)N[C@@H](CCC3=CC(F)=C(C(F)=C3)C(F)(F)F)C(=O)N4[C@@H](CCC4)C(=O)N(C)C5(CCC5)C(=O)N(C)[C@@H](C6CCCC6)C(=O)N(C)[C@@H](CC(=O)N(C)[C@H](CCNC(=S)C7=C(F)C(F)=C(SC2)C(F)=C7F)C(=O)N[C@@H]([C@@H](C)CC)C(=O)N(C)[C@@H](C)C(=O)N8[C@@H](CC8)C1=O)C(=O)N(CC)CC,CCCN1C(=O)[C@@H]2CCN2C(=O)[C@H](C)N(C)C(=O)[C@H]([C@@H](C)CC)NC(=O)[C@H]2CCNC(=S)c3c(F)c(F)c(c(F)c3F)SC[C@H]1C(=O)N(C)CC(=O)N[C@@H](CCc1cc(F)c(C(F)(F)F)c(F)c1)C(=O)N1CCC[C@H]1C(=O)N(C)C1(CCC1)C(=O)N(C)[C@@H](C1CCCC1)C(=O)N(C)[C@H](C(=O)N(CC)CC)CC(=O)N2C,1598.81,110,True,PCTCN2025075389-ftappb-I100319.jpg,
1125,CC(C)CCN1C(=O)[C@H]2N(CC2)C(=O)[C@H](C)N(C)C(=O)[C@H]([C@@H](C)CC)NC(=O)[C@@H]3N(C)C(=O)C[C@@H](C(=O)N(CC)CC)N(C)C(=O)[C@H](C4CCCC4)N(C)C(=O)C5(CCC5)N(C)C(=O)[C@H]6N(CC(F)(F)C6)C(=O)[C@@H](NC(=O)CN(C)C(=O)[C@@H]1CSC7=C(F)C(F)=C(C(=S)NCC3)C(F)=C7F)CCC8=CC(F)=C(C(F)=C8)C(F)(F)F,CC[C@H](C)[C@@H]1NC(=O)[C@H]2CCNC(=S)c3c(F)c(F)c(c(F)c3F)SC[C@@H](C(=O)N(C)CC(=O)N[C@@H](CCc3cc(F)c(C(F)(F)F)c(F)c3)C(=O)N3CC(F)(F)C[C@H]3C(=O)N(C)C3(CCC3)C(=O)N(C)[C@@H](C3CCCC3)C(=O)N(C)[C@H](C(=O)N(CC)CC)CC(=O)N2C)N(CCC(C)C)C(=O)[C@@H]2CCN2C(=O)[C@H](C)N(C)C1=O,1662.84,114,True,PCTCN2025075389-ftappb-I100319.jpg,
1127,CC[C@H](C)[C@H]1C(=O)N(C)[C@@H](C)C(=O)N2[C@@H](CC2)C(=O)N(CC(C)C)[C@@H]3C(=O)N(C)CC(=O)N[C@@H](CCC4=CC(F)=C(C(F)=C4)C(F)(F)F)C(=O)N5[C@@H](CC(F)(F)C5)C(=O)N(C)C6(CCC6)C(=O)N(C)[C@@H](C7CCCC7)C(=O)N(C)[C@@H](CC(=O)N(C)[C@H](CCNC(=S)C8=C(F)C(F)=C(SC3)C(F)=C8F)C(=O)N1)C(=O)N(C)C,CC[C@H](C)[C@@H]1NC(=O)[C@H]2CCNC(=S)c3c(F)c(F)c(c(F)c3F)SC[C@@H](C(=O)N(C)CC(=O)N[C@@H](CCc3cc(F)c(C(F)(F)F)c(F)c3)C(=O)N3CC(F)(F)C[C@H]3C(=O)N(C)C3(CCC3)C(=O)N(C)[C@@H](C3CCCC3)C(=O)N(C)[C@H](C(=O)N(C)C)CC(=O)N2C)N(CC(C)C)C(=O)[C@@H]2CCN2C(=O)[C@H](C)N(C)C1=O,1620.76,111,True,PCTCN2025075389-ftappb-I100320.jpg,
1128,CCCN1C(=O)[C@H]2N(CC2)C(=O)[C@H](C)N(C)C(=O)[C@H]([C@@H](C)CC)NC(=O)[C@H]3N(C)C(=O)C[C@@H](C(=O)N(C)CC)N(C)C(=O)[C@H](C4CCCC4)N(C)C(=O)C5(CCC5)N(C)C(=O)[C@H]6N(CC(F)(F)C6)C(=O)[C@H](CCC7=CC(F)=C(C(F)=C7)C(F)(F)F)NC(=O)CN(C)C(=O)[C@H]1CSC8=C(F)C(F)=C(C(=S)NCC3)C(F)=C8F,CCCN1C(=O)[C@@H]2CCN2C(=O)[C@H](C)N(C)C(=O)[C@H]([C@@H](C)CC)NC(=O)[C@@H]2CCNC(=S)c3c(F)c(F)c(c(F)c3F)SC[C@@H]1C(=O)N(C)CC(=O)N[C@@H](CCc1cc(F)c(C(F)(F)F)c(F)c1)C(=O)N1CC(F)(F)C[C@H]1C(=O)N(C)C1(CCC1)C(=O)N(C)[C@@H](C1CCCC1)C(=O)N(C)[C@H](C(=O)N(C)CC)CC(=O)N2C,1620.76,111,True,PCTCN2025075389-ftappb-I100320.jpg,
1129,CCCN1C(=O)[C@H]2N(CC2)C(=O)[C@H](C)N(C)C(=O)[C@H]([C@@H](C)CC)NC(=O)[C@H]3N(C)C(=O)C[C@@H](C(=O)N(C)C(C)C)N(C)C(=O)[C@H](C4CCCC4)N(C)C(=O)C5(CCC5)N(C)C(=O)[C@H]6N(CC(F)(F)C6)C(=O)[C@H](CCC7=CC(F)=C(C(F)=C7)C(F)(F)F)NC(=O)CN(C)C(=O)[C@H]1CSC8=C(F)C(F)=C(C(=S)NCC3)C(F)=C8F,CCCN1C(=O)[C@@H]2CCN2C(=O)[C@H](C)N(C)C(=O)[C@H]([C@@H](C)CC)NC(=O)[C@@H]2CCNC(=S)c3c(F)c(F)c(c(F)c3F)SC[C@@H]1C(=O)N(C)CC(=O)N[C@@H](CCc1cc(F)c(C(F)(F)F)c(F)c1)C(=O)N1CC(F)(F)C[C@H]1C(=O)N(C)C1(CCC1)C(=O)N(C)[C@@H](C1CCCC1)C(=O)N(C)[C@H](C(=O)N(C)C(C)C)CC(=O)N2C,1634.79,112,True,PCTCN2025075389-ftappb-I100320.jpg,
1130,CCCN1C(=O)[C@H]2N(CC2)C(=O)[C@H](C)N(C)C(=O)[C@H]([C@@H](C)CC)NC(=O)[C@H]3N(C)C(=O)C[C@@H]4N(CCC4)C(=O)[C@H](C5CCCC5)N(C)C(=O)C6(CCC6)N(C)C(=O)[C@H]7N(CC(F)(F)C7)C(=O)[C@@H](CCC8=CC(F)=C(C(F)=C8)C(F)(F)F)NC(=O)CN(C)C(=O)[C@@H]1CSC9=C(F)C(F)=C(C(=S)NCC3)C(F)=C9F,CCCN1C(=O)[C@@H]2CCN2C(=O)[C@H](C)N(C)C(=O)[C@H]([C@@H](C)CC)NC(=O)[C@@H]2CCNC(=S)c3c(F)c(F)c(c(F)c3F)SC[C@H]1C(=O)N(C)CC(=O)N[C@H](CCc1cc(F)c(C(F)(F)F)c(F)c1)C(=O)N1CC(F)(F)C[C@H]1C(=O)N(C)C1(CCC1)C(=O)N(C)[C@@H](C1CCCC1)C(=O)N1CCC[C@@H]1CC(=O)N2C,1561.69,107,True,PCTCN2025075389-ftappb-I100320.jpg,
1131,CC[C@H](C)[C@H]1C(=O)N(C)[C@@H](C)C(=O)N2[C@@H](CC2)C(=O)N(CCC)[C@H]3C(=O)N(C)CC(=O)N[C@@H](CCC4=CC(F)=C(C(F)=C4)C(F)(F)F)C(=O)N5[C@@H](CSC5)C(=O)N(C)C6(CCC6)C(=O)N(C)[C@@H](C7CCCC7)C(=O)N(C)[C@H](C(=O)N(C)C)CC(=O)N(CC)[C@@H](CCNC(=S)C8=C(F)C(F)=C(SC3)C(F)=C8F)C(=O)N1,CCCN1C(=O)[C@@H]2CCN2C(=O)[C@H](C)N(C)C(=O)[C@H]([C@@H](C)CC)NC(=O)[C@@H]2CCNC(=S)c3c(F)c(F)c(c(F)c3F)SC[C@@H]1C(=O)N(C)CC(=O)N[C@@H](CCc1cc(F)c(C(F)(F)F)c(F)c1)C(=O)N1CSC[C@H]1C(=O)N(C)C1(CCC1)C(=O)N(C)[C@@H](C1CCCC1)C(=O)N(C)[C@H](C(=O)N(C)C)CC(=O)N2CC,1602.82,109,True,PCTCN2025075389-ftappb-I100321.jpg,
1134,CCCN1C(=O)[C@H]2N(CC2)C(=O)[C@H](C)N(C)C(=O)[C@H]([C@@H](C)CC)NC(=O)[C@@H]3N(C)C(=O)C[C@@H](C(=O)N4CCCC4)N(C)C(=O)[C@H](C5CCCC5)N(C)C(=O)C6(CCC6)N(C)C(=O)[C@H]7N(CC(F)(F)C7)C(=O)[C@H](CCC8=CC(F)=C(C(F)C8)C(F)(F)F)NC(=O)CN(C)C(=O)[C@@H]1CSC9=C(F)C(F)=C(C(=S)NCC3)C(F)=C9F,CCCN1C(=O)[C@@H]2CCN2C(=O)[C@H](C)N(C)C(=O)[C@H]([C@@H](C)CC)NC(=O)[C@H]2CCNC(=S)c3c(F)c(F)c(c(F)c3F)SC[C@H]1C(=O)N(C)CC(=O)N[C@@H](CCC1=CC(F)=C(C(F)(F)F)C(F)C1)C(=O)N1CC(F)(F)C[C@H]1C(=O)N(C)C1(CCC1)C(=O)N(C)[C@@H](C1CCCC1)C(=O)N(C)[C@H](C(=O)N1CCCC1)CC(=O)N2C,1634.79,112,True,PCTCN2025075389-ftappb-I100321.jpg,
1139,FC(F)CO[C@@H]1C[C@H]2C(=O)N(C)C3(CCC3)C(=O)N(C)[C@@H](C4CCCC4)C(=O)N(C)[C@@H](CC(=O)N(C)[C@H]5C(=O)N[C@@H]([C@@H](C)CC)C(=O)N(C)[C@@H](C)C(=O)N6[C@@H](CC6)C(=O)N(CCC(C)C)[C@@H](CSC7=C(F)C(F)=C(C(=S)NCC5)C(F)=C7F)C(=O)N(C)CC(=O)N[C@@H](CCC8=CC(F)=C(C(F)=C8)C(F)(F)F)C(=O)N2C1)C(=O)N9CCOCC9,CC[C@H](C)[C@@H]1NC(=O)[C@H]2CCNC(=S)c3c(F)c(F)c(c(F)c3F)SC[C@@H](C(=O)N(C)CC(=O)N[C@@H](CCc3cc(F)c(C(F)(F)F)c(F)c3)C(=O)N3C[C@H](OCC(F)F)C[C@H]3C(=O)N(C)C3(CCC3)C(=O)N(C)[C@@H](C3CCCC3)C(=O)N(C)[C@H](C(=O)N3CCOCC3)CC(=O)N2C)N(CCC(C)C)C(=O)[C@@H]2CCN2C(=O)[C@H](C)N(C)C1=O,1720.88,118,True,PCTCN2025075389-ftappb-I100323.jpg,
1141,FC(F)CO[C@@H]1C[C@H]2C(=O)N(C)C3(CCC3)C(=O)N(C)[C@@H](C4CCCC4)C(=O)N(C)[C@@H](CC(=O)N(C)[C@H]5C(=O)N[C@@H]([C@@H](C)CC)C(=O)N(C)[C@@H](C)C(=O)N6[C@@H](CC6)C(=O)N(CCC(C)C)[C@@H](CSC7=C(F)C(F)=C(C(=S)NCC5)C(F)=C7F)C(=O)N(C)CC(=O)N[C@@H](CCC8=CC(F)=C(C(F)=C8)C(F)(F)F)C(=O)N2C1)C(=O)N(C)CC,CC[C@H](C)[C@@H]1NC(=O)[C@H]2CCNC(=S)c3c(F)c(F)c(c(F)c3F)SC[C@@H](C(=O)N(C)CC(=O)N[C@@H](CCc3cc(F)c(C(F)(F)F)c(F)c3)C(=O)N3C[C@H](OCC(F)F)C[C@H]3C(=O)N(C)C3(CCC3)C(=O)N(C)[C@@H](C3CCCC3)C(=O)N(C)[C@H](C(=O)N(C)CC)CC(=O)N2C)N(CCC(C)C)C(=O)[C@@H]2CCN2C(=O)[C@H](C)N(C)C1=O,1692.87,116,True,PCTCN2025075389-ftappb-I100323.jpg,
1148,FC(F)CO[C@@H]1C[C@H]2C(=O)N(C)C3(CCC3)C(=O)N(C)[C@@H](C4CCCC4)C(=O)N(C)[C@H](C(=O)N(C)C)CC(=O)N(C)[C@@H]5C(=O)N[C@@H]([C@@H](C)CC)C(=O)N(C)CC(=O)N(C)CC(=O)N(CCC)[C@H](CSC6=C(F)C(F)=C(C(=S)NCC5)C(F)=C6F)C(=O)N(C)CC(=O)N[C@@H](CCC7=CC(F)=C(C(F)=C7)C(F)(F)F)C(=O)N2C1,CCCN1C(=O)CN(C)C(=O)CN(C)C(=O)[C@H]([C@@H](C)CC)NC(=O)[C@@H]2CCNC(=S)c3c(F)c(F)c(c(F)c3F)SC[C@@H]1C(=O)N(C)CC(=O)N[C@@H](CCc1cc(F)c(C(F)(F)F)c(F)c1)C(=O)N1C[C@H](OCC(F)F)C[C@H]1C(=O)N(C)C1(CCC1)C(=O)N(C)[C@@H](C1CCCC1)C(=O)N(C)[C@H](C(=O)N(C)C)CC(=O)N2C,1624.75,111,True,PCTCN2025075389-ftappb-I100325.jpg,
1153,FC(F)CO[C@@H]1C[C@@H]2N(C1)C(=O)[C@@H](NC(=O)CN(C)C(=O)[C@@H]3N(CC)C(=O)[C@H]4N(CC4)C(=O)[C@H](C)N(C)C(=O)[C@H]([C@@H](C)CC)NC(=O)[C@H](CCNC(=S)C5=C(F)C(F)=C(SC3)C(F)=C5F)N(C)C(=O)C[C@@H](C(=O)N6CCC6)N(C)C(=O)[C@H](C7CCCC7)N(C)C(=O)C8(CCC8)NC2=O)CCC9=CC(F)=C(C(F)=C9)C(F)(F)F,CC[C@H](C)[C@@H]1NC(=O)[C@@H]2CCNC(=S)c3c(F)c(F)c(c(F)c3F)SC[C@H](C(=O)N(C)CC(=O)N[C@@H](CCc3cc(F)c(C(F)(F)F)c(F)c3)C(=O)N3C[C@H](OCC(F)F)C[C@H]3C(=O)NC3(CCC3)C(=O)N(C)[C@@H](C3CCCC3)C(=O)N(C)[C@H](C(=O)N3CCC3)CC(=O)N2C)N(CC)C(=O)[C@@H]2CCN2C(=O)[C@H](C)N(C)C1=O,1634.75,112,True,PCTCN2025075389-ftappb-I100326.jpg,
1154,FC(F)CO[C@@H]1C[C@@H]2N(C1)C(=O)[C@@H](NC(=O)CN(C)C(=O)[C@H]3N(CC)C(=O)[C@H]4N(CC4)C(=O)[C@H](C)N(C)C(=O)[C@H]([C@@H](C)CC)NC(=O)[C@@H](CCNC(=S)C5=C(F)C(F)=C(SC3)C(F)=C5F)N(C)C(=O)C[C@@H](C(=O)N6CCOCC6)N(C)C(=O)[C@H](C7CCCC7)N(C)C(=O)C8(CCC8)NC2=O)CCC9=CC(F)=C(C(F)=C9)C(F)(F)F,CC[C@H](C)[C@@H]1NC(=O)[C@H]2CCNC(=S)c3c(F)c(F)c(c(F)c3F)SC[C@@H](C(=O)N(C)CC(=O)N[C@@H](CCc3cc(F)c(C(F)(F)F)c(F)c3)C(=O)N3C[C@H](OCC(F)F)C[C@H]3C(=O)NC3(CCC3)C(=O)N(C)[C@@H](C3CCCC3)C(=O)N(C)[C@H](C(=O)N3CCOCC3)CC(=O)N2C)N(CC)C(=O)[C@@H]2CCN2C(=O)[C@H](C)N(C)C1=O,1664.77,114,True,PCTCN2025075389-ftappb-I100326.jpg,
1156,CC[C@H](C)[C@H]1C(=O)N(C)[C@@H](C)C(=O)N2[C@@H](CC2)C(=O)N(CCC)[C@@H]3C(=O)N(C)CC(=O)N[C@@H](CCC4=CC(F)=C(C(F)=C4)C(F)(F)F)C(=O)N5[C@@H](CC(F)(F)C5)C(=O)NC6(CCC6)C(=O)N(C)[C@@H](C7CCCC7)C(=O)N(C)[C@@H](CC(=O)N(C)[C@H](CCNC(=S)C8=C(F)C(F)=C(SC3)C(F)=C8F)C(=O)N1)C(=O)N9CCOCC9,CCCN1C(=O)[C@@H]2CCN2C(=O)[C@H](C)N(C)C(=O)[C@H]([C@@H](C)CC)NC(=O)[C@H]2CCNC(=S)c3c(F)c(F)c(c(F)c3F)SC[C@H]1C(=O)N(C)CC(=O)N[C@@H](CCc1cc(F)c(C(F)(F)F)c(F)c1)C(=O)N1CC(F)(F)C[C@H]1C(=O)NC1(CCC1)C(=O)N(C)[C@@H](C1CCCC1)C(=O)N(C)[C@H](C(=O)N1CCOCC1)CC(=O)N2C,1634.75,112,True,PCTCN2025075389-ftappb-I100327.jpg,
1157,FC(F)CO[C@@H]1C[C@@H]2N(C1)C(=O)[C@@H](NC(=O)CN(C)C(=O)[C@@H]3N(CCC)C(=O)[C@H]4N(CC4)C(=O)[C@H](C)N(C)C(=O)[C@H]([C@@H](C)CC)NC(=O)[C@H](CCNC(=S)C5=C(F)C(F)=C(SC3)C(F)=C5F)N(CC)C(=O)C[C@@H](C(=O)N(C)C)N(C)C(=O)[C@H](C6CCCC6)N(C)C(=O)C7(CCC7)NC2=O)CCC8=CC(F)=C(C(F)=C8)C(F)(F)F,CCCN1C(=O)[C@@H]2CCN2C(=O)[C@H](C)N(C)C(=O)[C@H]([C@@H](C)CC)NC(=O)[C@@H]2CCNC(=S)c3c(F)c(F)c(c(F)c3F)SC[C@@H]1C(=O)N(C)CC(=O)N[C@@H](CCc1cc(F)c(C(F)(F)F)c(F)c1)C(=O)N1C[C@H](OCC(F)F)C[C@H]1C(=O)NC1(CCC1)C(=O)N(C)[C@@H](C1CCCC1)C(=O)N(C)[C@H](C(=O)N(C)C)CC(=O)N2CC,1650.79,113,True,PCTCN2025075389-ftappb-I100327.jpg,
1159,CCN(C)C(=O)[C@H]1N(C)C(=O)[C@H](C2CCCC2)N(C)C(=O)C3(CCC3)NC(=O)[C@H]4N(CC(F)(F)C4)C(=O)[C@H](CCC5=CC(F)=C(C(F)=C5)C(F)(F)F)NC(=O)CN(C)C(=O)[C@@H]6N(CCC)C(=O)[C@H]7N(CC7)C(=O)[C@H](C)N(C)C(=O)[C@H]([C@@H](C)CC)NC(=O)[C@H](CCNC(=S)C8=C(F)C(F)=C(SC6)C(F)=C8F)N(CC)C(=O)C1,CCCN1C(=O)[C@@H]2CCN2C(=O)[C@H](C)N(C)C(=O)[C@H]([C@@H](C)CC)NC(=O)[C@@H]2CCNC(=S)c3c(F)c(F)c(c(F)c3F)SC[C@@H]1C(=O)N(C)CC(=O)N[C@@H](CCc1cc(F)c(C(F)(F)F)c(F)c1)C(=O)N1CC(F)(F)C[C@H]1C(=O)NC1(CCC1)C(=O)N(C)[C@@H](C1CCCC1)C(=O)N(C)[C@H](C(=O)N(C)CC)CC(=O)N2CC,1620.76,111,True,PCTCN2025075389-ftappb-I100328.jpg,
1160,FC(F)CO[C@@H]1C[C@@H]2N(C1)C(=O)[C@@H](NC(=O)CN(C)C(=O)[C@@H]3N(CCC)C(=O)[C@H]4N(CC4)C(=O)[C@H](C)N(C)C(=O)[C@H]([C@@H](C)CC)NC(=O)[C@H](CCNC(=S)C5=C(F)C(F)=C(SC3)C(F)=C5F)N(CC)C(=O)C[C@@H](C(=O)N(C)CC)N(C)C(=O)[C@H](C6CCCC6)N(C)C(=O)C7(CCC7)NC2=O)CCC8=CC(F)=C(C(F)=C8)C(F)(F)F,CCCN1C(=O)[C@@H]2CCN2C(=O)[C@H](C)N(C)C(=O)[C@H]([C@@H](C)CC)NC(=O)[C@@H]2CCNC(=S)c3c(F)c(F)c(c(F)c3F)SC[C@@H]1C(=O)N(C)CC(=O)N[C@@H](CCc1cc(F)c(C(F)(F)F)c(F)c1)C(=O)N1C[C@H](OCC(F)F)C[C@H]1C(=O)NC1(CCC1)C(=O)N(C)[C@@H](C1CCCC1)C(=O)N(C)[C@H](C(=O)N(C)CC)CC(=O)N2CC,1664.82,114,True,PCTCN2025075389-ftappb-I100328.jpg,
1163,CCCN1C(=O)[C@H]2N(CC2)C(=O)[C@H](C)N(C)C(=O)[C@H]([C@@H](C)CC)NC(=O)[C@H]3N(C)C(=O)C[C@@H](C(=O)N(C)C)N(C)C(=O)[C@H](C4CCCC4)N(C)C(=O)C5(CCC5)NC(=O)[C@H]6N(CCC6)C(=O)[C@H](CCC7=CC(F)=C(C(F)=C7)C(F)(F)F)NC(=O)CN(C)C(=O)[C@H]1CSC8=C(F)C(F)=C(C(=S)NCC3)C(F)=C8F,CCCN1C(=O)[C@@H]2CCN2C(=O)[C@H](C)N(C)C(=O)[C@H]([C@@H](C)CC)NC(=O)[C@@H]2CCNC(=S)c3c(F)c(F)c(c(F)c3F)SC[C@@H]1C(=O)N(C)CC(=O)N[C@@H](CCc1cc(F)c(C(F)(F)F)c(F)c1)C(=O)N1CCC[C@H]1C(=O)NC1(CCC1)C(=O)N(C)[C@@H](C1CCCC1)C(=O)N(C)[C@H](C(=O)N(C)C)CC(=O)N2C,1556.73,107,True,PCTCN2025075389-ftappb-I100329.jpg,
1170,FC(F)CO[C@@H]1C[C@H]2C(=O)N(C)C3(CCC3)C(=O)N(C)[C@@H](C4CCCC4)C(=O)N(C)[C@@H](CC(=O)N(CC)[C@@H]5C(=O)N[C@@H]([C@@H](C)CC)C(=O)N(C)[C@@H](C)C(=O)N6[C@@H](CC6)C(=O)N(CCC)[C@H](CSC7=C(F)C(F)=C(C(=S)NCC5)C(F)=C7F)C(=O)N(C)CC(=O)N[C@@H](CCC8=CC(F)=C(C(F)=C8)C(F)(F)F)C(=O)N2C1)C(=O)N(C),CCCN1C(=O)[C@@H]2CCN2C(=O)[C@H](C)N(C)C(=O)[C@H]([C@@H](C)CC)NC(=O)[C@@H]2CCNC(=S)c3c(F)c(F)c(c(F)c3F)SC[C@@H]1C(=O)N(C)CC(=O)N[C@@H](CCc1cc(F)c(C(F)(F)F)c(F)c1)C(=O)N1C[C@H](OCC(F)F)C[C@H]1C(=O)N(C)C1(CCC1)C(=O)N(C)[C@@H](C1CCCC1)C(=O)N(C)[C@H](C(=O)NC)CC(=O)N2CC,1650.79,113,True,PCTCN2025075389-ftappb-I100330.jpg,
1175,FC(F)CO[C@@H]1C[C@H]2C(=O)N(C)C3(CCC3)C(=O)N(C)[C@@H](C4CCCC4)C(=O)N(C)[C@@H](CC(=O)N(C)[C@@H]5C(=O)N[C@@H]([C@@H](C)CC)C(=O)N(C)[C@@H](C)C(=O)N6[C@@H](CC6)C(=O)N(CCC(C)C)[C@H](CSC7=C(F)C(F)=C(C(=S)NCC5)C(F)=C7F)C(=O)N(C)CC(=O)N[C@@H](CCC8=CC(F)=C(C(F)=C8)C(F)(F)F)C(=O)N2C1)C(=O)N9CCC9,CC[C@H](C)[C@@H]1NC(=O)[C@@H]2CCNC(=S)c3c(F)c(F)c(c(F)c3F)SC[C@H](C(=O)N(C)CC(=O)N[C@@H](CCc3cc(F)c(C(F)(F)F)c(F)c3)C(=O)N3C[C@H](OCC(F)F)C[C@H]3C(=O)N(C)C3(CCC3)C(=O)N(C)[C@@H](C3CCCC3)C(=O)N(C)[C@H](C(=O)N3CCC3)CC(=O)N2C)N(CCC(C)C)C(=O)[C@@H]2CCN2C(=O)[C@H](C)N(C)C1=O,1690.85,116,True,PCTCN2025075389-ftappb-I100331.jpg,
1215,CCCN1[C@H]2C(=O)N(C)CC(=O)N[C@@H](CCC3=CC(F)=C(C(F)=C3)C(F)(F)F)C(=O)N4[C@@H](CCC4)C(=O)NC5(CCC5)C(=O)N(C)[C@@H](C6CCCC6)C(=O)N(C)[C@@H](CC(=O)N(C)[C@@H](CCNC(=S)C7=C(F)C(F)=C(SC2)C(F)=C7F)C(=O)N[C@@H]([C@@H](C)CC)C(=O)N(C)[C@@H](C)C(=O)N8[C@@H](CC8)C1=O)C(=O)N9CC(C)(C)CC9,CCCN1C(=O)[C@@H]2CCN2C(=O)[C@H](C)N(C)C(=O)[C@H]([C@@H](C)CC)NC(=O)[C@@H]2CCNC(=S)c3c(F)c(F)c(c(F)c3F)SC[C@@H]1C(=O)N(C)CC(=O)N[C@@H](CCc1cc(F)c(C(F)(F)F)c(F)c1)C(=O)N1CCC[C@H]1C(=O)NC1(CCC1)C(=O)N(C)[C@@H](C1CCCC1)C(=O)N(C)[C@H](C(=O)N1CCC(C)(C)C1)CC(=O)N2C,1610.82,111,True,PCTCN2025075389-ftappb-I100339.jpg,
1220,CCO[C@@H]1C[C@H]2C(=O)N(C)C3(CCC3)C(=O)N(C)[C@@H](C4CCCC4)C(=O)N(C)[C@@H](CC(=O)N(C)[C@@H]5C(=O)N[C@@H]([C@@H](C)CC)C(=O)N(C)[C@@H](C)C(=O)N6[C@@H](CC6)C(=O)N(CCC)[C@H](CSC7=C(F)C(F)=C(C(=S)NCC5)C(F)=C7F)C(=O)N(C)CC(=O)N[C@@H](CCC8=CC(F)=C(C(F)=C8)C(F)(F)F)C(=O)N2C1)C(=O)N(CC)CC,CCCN1C(=O)[C@@H]2CCN2C(=O)[C@H](C)N(C)C(=O)[C@H]([C@@H](C)CC)NC(=O)[C@@H]2CCNC(=S)c3c(F)c(F)c(c(F)c3F)SC[C@@H]1C(=O)N(C)CC(=O)N[C@@H](CCc1cc(F)c(C(F)(F)F)c(F)c1)C(=O)N1C[C@H](OCC)C[C@H]1C(=O)N(C)C1(CCC1)C(=O)N(C)[C@@H](C1CCCC1)C(=O)N(C)[C@H](C(=O)N(CC)CC)CC(=O)N2C,1642.86,113,True,PCTCN2025075389-ftappb-I100340.jpg,
1225,CCCN1C(=O)[C@H]2N(CC2)C(=O)[C@H](C)N(C)C(=O)[C@H]([C@@H](C)CC)NC(=O)[C@H]3N(C)C(=O)C[C@@H](C(=O)N4CC(F)(F)CC4)N(C)C(=O)[C@H](C5CCCC5)N(C)C(=O)C6(CCC6)N(C)C(=O)[C@H]7N(CC(F)(F)C7)C(=O)[C@H](CCC8=CC(F)=C(C(F)=C8)C(F)(F)F)NC(=O)CN(C)C(=O)[C@H]1CSC9=C(F)C(F)=C(C(=S)NCC3)C(F)=C9F,CCCN1C(=O)[C@@H]2CCN2C(=O)[C@H](C)N(C)C(=O)[C@H]([C@@H](C)CC)NC(=O)[C@@H]2CCNC(=S)c3c(F)c(F)c(c(F)c3F)SC[C@@H]1C(=O)N(C)CC(=O)N[C@@H](CCc1cc(F)c(C(F)(F)F)c(F)c1)C(=O)N1CC(F)(F)C[C@H]1C(=O)N(C)C1(CCC1)C(=O)N(C)[C@@H](C1CCCC1)C(=O)N(C)[C@H](C(=O)N1CCC(F)(F)C1)CC(=O)N2C,1668.75,114,True,PCTCN2025075389-ftappb-I100341.jpg,
2042,CC[C@H](C)[C@H]1C(=O)N(C)[C@@H](C)C(=O)N2[C@@H](CC2)C(=O)N(CC)[C@@H]3C(=O)N(C)CC(=O)N[C@@H](CCC4=CC(F)=C(C(F)=C4)C(F)(F)F)C(=O)N5[C@@H](CC(F)(F)C5)C(=O)NC6(CCCC6)C(=O)N(C)[C@@H](C7CCCC7)C(=O)N(C)[C@@H](CC(=O)N(C)[C@H](CCN8C=C(N=N8)C9=CC=C(C=C9)C3)C(=O)N1)C(=O)N%10CCCC%10,CC[C@H](C)[C@@H]1NC(=O)[C@H]2CCn3cc(nn3)-c3ccc(cc3)C[C@@H](C(=O)N(C)CC(=O)N[C@@H](CCc3cc(F)c(C(F)(F)F)c(F)c3)C(=O)N3CC(F)(F)C[C@H]3C(=O)NC3(CCCC3)C(=O)N(C)[C@@H](C3CCCC3)C(=O)N(C)[C@H](C(=O)N3CCCC3)CC(=O)N2C)N(CC)C(=O)[C@@H]2CCN2C(=O)[C@H](C)N(C)C1=O,1522.68,108,True,PCTCN2025075389-ftappb-I100344.jpg,
2044,CC[C@H](C)[C@H]1C(=O)N(C)[C@@H](C)C(=O)N2[C@@H](CC2)C(=O)N(CC3=CC=C(C=C3)C(F)(F)F)[C@@H]4C(=O)N(C)CC(=O)N[C@@H](CCC5=CC(F)=C(C(F)=C5)C(F)(F)F)C(=O)N6[C@@H](CCC6)C(=O)NC7(CCCC7)C(=O)N(C)[C@@H](C8CCCC8)C(=O)N(C)[C@@H](CC(=O)N(C)[C@H](CCN9C=C(N=N9)C%10=CC=C(C=C%10)C4)C(=O)N1)C(=O)N%11CCCC%11,CC[C@H](C)[C@@H]1NC(=O)[C@H]2CCn3cc(nn3)-c3ccc(cc3)C[C@@H](C(=O)N(C)CC(=O)N[C@@H](CCc3cc(F)c(C(F)(F)F)c(F)c3)C(=O)N3CCC[C@H]3C(=O)NC3(CCCC3)C(=O)N(C)[C@@H](C3CCCC3)C(=O)N(C)[C@H](C(=O)N3CCCC3)CC(=O)N2C)N(Cc2ccc(C(F)(F)F)cc2)C(=O)[C@@H]2CCN2C(=O)[C@H](C)N(C)C1=O,1616.76,115,True,PCTCN2025075389-ftappb-I100345.jpg,
2045,CC[C@H](C)[C@H]1C(=O)N(C)[C@@H](C)C(=O)N2[C@@H](CC2)C(=O)N(CCC(F)(F)F)[C@@H]3C(=O)N(C)CC(=O)N[C@@H](CCC4=CC(F)=C(C(F)=C4)C(F)(F)F)C(=O)N5[C@@H](CCC5)C(=O)NC6(CCCC6)C(=O)N(C)[C@@H](C7CCCC7)C(=O)N(C)[C@H](C(=O)N(C)C)CC(=O)N(C)[C@H](CCN8C=C(N=N8)C9=CC=C(C=C9)C3)C(=O)N1,CC[C@H](C)[C@@H]1NC(=O)[C@H]2CCn3cc(nn3)-c3ccc(cc3)C[C@@H](C(=O)N(C)CC(=O)N[C@@H](CCc3cc(F)c(C(F)(F)F)c(F)c3)C(=O)N3CCC[C@H]3C(=O)NC3(CCCC3)C(=O)N(C)[C@@H](C3CCCC3)C(=O)N(C)[C@H](C(=O)N(C)C)CC(=O)N2C)N(CCC(F)(F)F)C(=O)[C@@H]2CCN2C(=O)[C@H](C)N(C)C1=O,1528.66,108,True,PCTCN2025075389-ftappb-I100345.jpg,
2046,CC[C@H](C)[C@H]1C(=O)N(C)[C@@H](C)C(=O)N2[C@@H](CC2)C(=O)N(CCC(F)(F)F)[C@@H]3C(=O)N(C)CC(=O)N[C@@H](CCC4=CC(F)=C(C(F)=C4)C(F)(F)F)C(=O)N5[C@@H](CCC5)C(=O)NC6(CCCC6)C(=O)N(C)[C@@H](C7CCCC7)C(=O)N(C)[C@@H](CC(=O)N(C)[C@H](CCN8C=C(N=N8)C9=CC=C(C=C9)C3)C(=O)N1)C(=O)N%10CCC%10,CC[C@H](C)[C@@H]1NC(=O)[C@H]2CCn3cc(nn3)-c3ccc(cc3)C[C@@H](C(=O)N(C)CC(=O)N[C@@H](CCc3cc(F)c(C(F)(F)F)c(F)c3)C(=O)N3CCC[C@H]3C(=O)NC3(CCCC3)C(=O)N(C)[C@@H](C3CCCC3)C(=O)N(C)[C@H](C(=O)N3CCC3)CC(=O)N2C)N(CCC(F)(F)F)C(=O)[C@@H]2CCN2C(=O)[C@H](C)N(C)C1=O,1540.67,109,True,PCTCN2025075389-ftappb-I100345.jpg,
2047,CC[C@H](C)[C@H]1C(=O)N(C)[C@@H](C)C(=O)N2[C@@H](CC2)C(=O)N(CCC(F)(F)F)[C@@H]3C(=O)N(C)CC(=O)N[C@@H](CCC4=CC(F)=C(C(F)=C4)C(F)(F)F)C(=O)N5C(CCC5)C(=O)NC6(CCCC6)C(=O)N(C)[C@@H](C7CCCC7)C(=O)N(C)[C@@H](CC(=O)N(C)[C@H](CCN8C=C(N=N8)C9=CC=C(C=C9)C3)C(=O)N1)C(=O)N%10CCCCC%10,CC[C@H](C)[C@@H]1NC(=O)[C@H]2CCn3cc(nn3)-c3ccc(cc3)C[C@@H](C(=O)N(C)CC(=O)N[C@@H](CCc3cc(F)c(C(F)(F)F)c(F)c3)C(=O)N3CCCC3C(=O)NC3(CCCC3)C(=O)N(C)[C@@H](C3CCCC3)C(=O)N(C)[C@H](C(=O)N3CCCCC3)CC(=O)N2C)N(CCC(F)(F)F)C(=O)[C@@H]2CCN2C(=O)[C@H](C)N(C)C1=O,1568.72,111,True,PCTCN2025075389-ftappb-I100346.jpg,
2048,CC[C@H](C)[C@H]1C(=O)N(C)[C@@H](C)C(=O)N2[C@@H](CC2)C(=O)N(CCC(F)(F)F)[C@@H]3C(=O)N(C)CC(=O)N[C@@H](CCC4=CC(F)=C(C(F)=C4)C(F)(F)F)C(=O)N5C(CCC5)C(=O)NC6(CCCC6)C(=O)N(C)[C@@H](C7CCCC7)C(=O)N(C)[C@@H](CC(=O)N(C)[C@H](CCN8C=C(N=N8)C9=CC=C(C=C9)C3)C(=O)N1)C(=O)N%10CCOCC%10,CC[C@H](C)[C@@H]1NC(=O)[C@H]2CCn3cc(nn3)-c3ccc(cc3)C[C@@H](C(=O)N(C)CC(=O)N[C@@H](CCc3cc(F)c(C(F)(F)F)c(F)c3)C(=O)N3CCCC3C(=O)NC3(CCCC3)C(=O)N(C)[C@@H](C3CCCC3)C(=O)N(C)[C@H](C(=O)N3CCOCC3)CC(=O)N2C)N(CCC(F)(F)F)C(=O)[C@@H]2CCN2C(=O)[C@H](C)N(C)C1=O,1570.69,111,True,PCTCN2025075389-ftappb-I100346.jpg,
2049,CC[C@H](C)[C@H]1C(=O)N(C)[C@@H](C)C(=O)N2[C@@H](CC2)C(=O)N(CCC(F)(F)F)[C@@H]3C(=O)N(C)CC(=O)N[C@@H](CCC4=CC(F)=C(C(F)=C4)C(F)(F)F)C(=O)N5[C@@H](CCC5)C(=O)NC6(CCCCC6)C(=O)N(C)[C@@H](C7CCCC7)C(=O)N(C)[C@@H](CC(=O)N(C)[C@H](CCN8C=C(N=N8)C9=CC=C(C=C9)C3)C(=O)N1)C(=O)N%10CCCC%10,CC[C@H](C)[C@@H]1NC(=O)[C@H]2CCn3cc(nn3)-c3ccc(cc3)C[C@@H](C(=O)N(C)CC(=O)N[C@@H](CCc3cc(F)c(C(F)(F)F)c(F)c3)C(=O)N3CCC[C@H]3C(=O)NC3(CCCCC3)C(=O)N(C)[C@@H](C3CCCC3)C(=O)N(C)[C@H](C(=O)N3CCCC3)CC(=O)N2C)N(CCC(F)(F)F)C(=O)[C@@H]2CCN2C(=O)[C@H](C)N(C)C1=O,1568.72,111,True,PCTCN2025075389-ftappb-I100346.jpg,
2050,CC[C@H](C)[C@H]1C(=O)N(C)[C@@H](C)C(=O)N2[C@@H](CC2)C(=O)N(CCC(F)(F)F)[C@@H]3C(=O)N(C)CC(=O)N[C@@H](CCC4=CC(F)=C(C(F)=C4)C(F)(F)F)C(=O)N5[C@@H](CCC5)C(=O)NC6(CCC6)C(=O)N(C)[C@@H](C7CCCC7)C(=O)N(C)[C@@H](CC(=O)N(C)[C@H](CCN8C=C(N=N8)C9=CC=C(C=C9)C3)C(=O)N1)C(=O)N%10CCCC%10,CC[C@H](C)[C@@H]1NC(=O)[C@H]2CCn3cc(nn3)-c3ccc(cc3)C[C@@H](C(=O)N(C)CC(=O)N[C@@H](CCc3cc(F)c(C(F)(F)F)c(F)c3)C(=O)N3CCC[C@H]3C(=O)NC3(CCC3)C(=O)N(C)[C@@H](C3CCCC3)C(=O)N(C)[C@H](C(=O)N3CCCC3)CC(=O)N2C)N(CCC(F)(F)F)C(=O)[C@@H]2CCN2C(=O)[C@H](C)N(C)C1=O,1540.67,109,True,PCTCN2025075389-ftappb-I100346.jpg,
2053,CC[C@H](C)[C@H]1C(=O)N(C)[C@@H](C)C(=S)N2[C@@H](CC2)C(=O)N(CCC(F)(F)F)[C@@H]3C(=O)N(C)CC(=O)N[C@@H](CCC4=CC(F)=C(C(F)=C4)C(F)(F)F)C(=O)N5[C@@H](CCC5)C(=O)NC6(CCCC6)C(=O)N(C)[C@@H](C7CCCC7)C(=O)N(C)[C@@H](CC(=O)N(C)[C@H](CCN8C=C(N=N8)C9=CC=C(C=C9)C3)C(=O)N1)C(=O)N%10CCCC%10,CC[C@H](C)[C@@H]1NC(=O)[C@H]2CCn3cc(nn3)-c3ccc(cc3)C[C@@H](C(=O)N(C)CC(=O)N[C@@H](CCc3cc(F)c(C(F)(F)F)c(F)c3)C(=O)N3CCC[C@H]3C(=O)NC3(CCCC3)C(=O)N(C)[C@@H](C3CCCC3)C(=O)N(C)[C@H](C(=O)N3CCCC3)CC(=O)N2C)N(CCC(F)(F)F)C(=O)[C@@H]2CCN2C(=S)[C@H](C)N(C)C1=O,1570.76,110,True,PCTCN2025075389-ftappb-I100347.jpg,
2054,CC[C@H](C)[C@H]1C(=O)N(C)[C@@H](C)C(=O)N2[C@@H](CC2)C(=O)N(CCC(F)(F)F)[C@@H]3C(=O)N(C)CC(=S)N[C@@H](CCC4=CC(F)=C(C(F)=C4)C(F)(F)F)C(=O)N5[C@@H](CCC5)C(=O)NC6(CCCC6)C(=O)N(C)[C@@H](C7CCCC7)C(=O)N(C)[C@@H](CC(=O)N(C)[C@H](CCN8C=C(N=N8)C9=CC=C(C=C9)C3)C(=O)N1)C(=O)N%10CCCC%10,CC[C@H](C)[C@@H]1NC(=O)[C@H]2CCn3cc(nn3)-c3ccc(cc3)C[C@@H](C(=O)N(C)CC(=S)N[C@@H](CCc3cc(F)c(C(F)(F)F)c(F)c3)C(=O)N3CCC[C@H]3C(=O)NC3(CCCC3)C(=O)N(C)[C@@H](C3CCCC3)C(=O)N(C)[C@H](C(=O)N3CCCC3)CC(=O)N2C)N(CCC(F)(F)F)C(=O)[C@@H]2CCN2C(=O)[C@H](C)N(C)C1=O,1570.76,110,True,PCTCN2025075389-ftappb-I100347.jpg,
2068,CC[C@H](C)[C@H]1C(=O)N(C)[C@@H](C)C(=O)N2[C@@H](CC2)C(=O)N(CC)[C@@H]3C(=O)N(C)CC(=O)N[C@@H](CCC4=CC(F)=C(C(F)=C4)C(F)(F)F)C(=O)N5[C@@H](CCC5)C(=O)NC6(CCCC6)C(=O)N(C)[C@@H](C7CCCC7)C(=O)N(C)[C@@H](CC(=O)N(C)[C@H](CCN8C=C(N=N8)C9=CC=C(C=C9)C3)C(=O)N1)C(=O)N%10CC(C)(C)CCC%10,CC[C@H](C)[C@@H]1NC(=O)[C@H]2CCn3cc(nn3)-c3ccc(cc3)C[C@@H](C(=O)N(C)CC(=O)N[C@@H](CCc3cc(F)c(C(F)(F)F)c(F)c3)C(=O)N3CCC[C@H]3C(=O)NC3(CCCC3)C(=O)N(C)[C@@H](C3CCCC3)C(=O)N(C)[C@H](C(=O)N3CCCC(C)(C)C3)CC(=O)N2C)N(CC)C(=O)[C@@H]2CCN2C(=O)[C@H](C)N(C)C1=O,1528.78,109,True,PCTCN2025075389-ftappb-I100350.jpg,
2070,CC[C@H](C)[C@H]1C(=O)N(C)[C@@H](C)C(=O)N2[C@@H](CC2)C(=O)N(CCC(F)(F)F)[C@@H]3C(=O)N(C)CC(=O)N[C@@H](CCC4=CC(F)=C(C(F)=C4)C(F)(F)F)C(=O)N5[C@@H](CSC5)C(=O)NC6(CCCC6)C(=O)N(C)[C@@H](C7CCCC7)C(=O)N(C)[C@H](C(=O)N(C)C)CC(=O)N(C)[C@H](CCN8C=C(N=N8)C9=CC=C(C=C9)C3)C(=O)N1,CC[C@H](C)[C@@H]1NC(=O)[C@H]2CCn3cc(nn3)-c3ccc(cc3)C[C@@H](C(=O)N(C)CC(=O)N[C@@H](CCc3cc(F)c(C(F)(F)F)c(F)c3)C(=O)N3CSC[C@H]3C(=O)NC3(CCCC3)C(=O)N(C)[C@@H](C3CCCC3)C(=O)N(C)[C@H](C(=O)N(C)C)CC(=O)N2C)N(CCC(F)(F)F)C(=O)[C@@H]2CCN2C(=O)[C@H](C)N(C)C1=O,1546.7,108,True,PCTCN2025075389-ftappb-I100351.jpg,
2071,CC[C@H](C)[C@H]1C(=O)N(C)[C@@H](C)C(=O)N2[C@@H](CC2)C(=O)N(CCC(F)(F)F)[C@@H]3C(=O)N(C)CC(=O)N[C@@H](CCC4=CC(F)=C(C(F)=C4)C(F)(F)F)C(=O)N5[C@@H](CSC5)C(=O)NC6(CCCC6)C(=O)N(C)[C@@H](C7CCCC7)C(=O)N(C)[C@@H](CC(=O)N(C)[C@H](CCN8C=C(N=N8)C9=CC=C(C=C9)C3)C(=O)N1)C(=O)N%10CCCC%10,CC[C@H](C)[C@@H]1NC(=O)[C@H]2CCn3cc(nn3)-c3ccc(cc3)C[C@@H](C(=O)N(C)CC(=O)N[C@@H](CCc3cc(F)c(C(F)(F)F)c(F)c3)C(=O)N3CSC[C@H]3C(=O)NC3(CCCC3)C(=O)N(C)[C@@H](C3CCCC3)C(=O)N(C)[C@H](C(=O)N3CCCC3)CC(=O)N2C)N(CCC(F)(F)F)C(=O)[C@@H]2CCN2C(=O)[C@H](C)N(C)C1=O,1572.73,110,True,PCTCN2025075389-ftappb-I100351.jpg,
2078,CC[C@H](C)[C@H]1C(=O)N(C)[C@@H](C)C(=O)N2[C@@H](CC2)C(=O)N(CCC(F)(F)F)[C@H]3C(=O)N(C)CC(=O)N[C@@H](CCC4=CC(F)=C(C(F)=C4)C(F)(F)F)C(=O)N5[C@@H](CCC5)C(=O)NC6(CCCC6)C(=O)N(C)[C@@H](C7CCCC7)C(=O)N(C)[C@@H](CC(=O)N(C)[C@@H](CCN8C=C(N=N8)C9=CC=C(C=C9)C3)C(=O)N1)C(=O)N%10CC(F)(F)C%10,CC[C@H](C)[C@@H]1NC(=O)[C@@H]2CCn3cc(nn3)-c3ccc(cc3)C[C@H](C(=O)N(C)CC(=O)N[C@@H](CCc3cc(F)c(C(F)(F)F)c(F)c3)C(=O)N3CCC[C@H]3C(=O)NC3(CCCC3)C(=O)N(C)[C@@H](C3CCCC3)C(=O)N(C)[C@H](C(=O)N3CC(F)(F)C3)CC(=O)N2C)N(CCC(F)(F)F)C(=O)[C@@H]2CCN2C(=O)[C@H](C)N(C)C1=O,1576.65,111,True,PCTCN2025075389-ftappb-I100353.jpg,
2080,CC[C@H](C)[C@H]1C(=O)N(C)[C@@H](C)C(=O)N2[C@@H](CC2)C(=O)N(CCC(F)(F)F)[C@@H]3C(=O)N(C)CC(=O)N[C@@H](CCC4=CC(F)=C(C(F)=C4)C(F)(F)F)C(=O)N5[C@@H](CCC5)C(=O)N(C)C6(CC6)C(=O)N(C)[C@@H](C7CCCC7)C(=O)N(C)[C@@H](CC(=O)N(C)[C@H](CCN8C=C(N=N8)C9=CC=C(C=C9)C3)C(=O)N1)C(=O)N%10CCOCC%10,CC[C@H](C)[C@@H]1NC(=O)[C@H]2CCn3cc(nn3)-c3ccc(cc3)C[C@@H](C(=O)N(C)CC(=O)N[C@@H](CCc3cc(F)c(C(F)(F)F)c(F)c3)C(=O)N3CCC[C@H]3C(=O)N(C)C3(CC3)C(=O)N(C)[C@@H](C3CCCC3)C(=O)N(C)[C@H](C(=O)N3CCOCC3)CC(=O)N2C)N(CCC(F)(F)F)C(=O)[C@@H]2CCN2C(=O)[C@H](C)N(C)C1=O,1556.67,110,True,PCTCN2025075389-ftappb-I100353.jpg,
2081,CC[C@H](C)[C@H]1C(=O)N(C)[C@@H](C)C(=O)N2[C@@H](CC2)C(=O)N(CCC(F)(F)F)[C@@H]3C(=O)N(C)CC(=O)N[C@@H](CCC4=CC(F)=C(C(F)=C4)C(F)(F)F)C(=O)N5[C@@H](CCC5)C(=O)N(C)C6(CCC6)C(=O)N(C)[C@@H](C7CCCC7)C(=O)N(C)[C@H](C(=O)N(C)C)CC(=O)N(C)[C@H](CCN8C=C(N=N8)C9=CC=C(C=C9)C3)C(=O)N1,CC[C@H](C)[C@@H]1NC(=O)[C@H]2CCn3cc(nn3)-c3ccc(cc3)C[C@@H](C(=O)N(C)CC(=O)N[C@@H](CCc3cc(F)c(C(F)(F)F)c(F)c3)C(=O)N3CCC[C@H]3C(=O)N(C)C3(CCC3)C(=O)N(C)[C@@H](C3CCCC3)C(=O)N(C)[C@H](C(=O)N(C)C)CC(=O)N2C)N(CCC(F)(F)F)C(=O)[C@@H]2CCN2C(=O)[C@H](C)N(C)C1=O,1528.66,108,True,PCTCN2025075389-ftappb-I100353.jpg,
2082,CC[C@H](C)[C@H]1C(=O)N(C)[C@@H](C)C(=O)N2[C@@H](CC2)C(=O)N(CCC(F)(F)F)[C@@H]3C(=O)N(C)CC(=O)N[C@@H](CCC4=CC(F)=C(C(F)=C4)C(F)(F)F)C(=O)N5[C@@H](CC(F)(F)C5)C(=O)N(C)C6(CCC6)C(=O)N(C)[C@@H](C7CCCC7)C(=O)N(C)[C@H](C(=O)N(C)C)CC(=O)N(C)[C@H](CCN8CC(N=N8)C9=CC=C(C=C9)C3)C(=O)N1,CC[C@H](C)[C@@H]1NC(=O)[C@H]2CCN3CC(N=N3)c3ccc(cc3)C[C@@H](C(=O)N(C)CC(=O)N[C@@H](CCc3cc(F)c(C(F)(F)F)c(F)c3)C(=O)N3CC(F)(F)C[C@H]3C(=O)N(C)C3(CCC3)C(=O)N(C)[C@@H](C3CCCC3)C(=O)N(C)[C@H](C(=O)N(C)C)CC(=O)N2C)N(CCC(F)(F)F)C(=O)[C@@H]2CCN2C(=O)[C@H](C)N(C)C1=O,1566.65,110,True,PCTCN2025075389-ftappb-I100354.jpg,
2084,CCC(C)[C@H]1C(=O)N(C)[C@@H](C)C(=O)N2[C@@H](CC2)C(=O)N(CCC(F)(F)F)[C@@H]3C(=O)N(C)CC(=O)N[C@@H](CCC4=CC(F)=C(C(F)=C4)C(F)(F)F)C(=O)N5[C@@H](CCC5)C(=O)NC6(CCCC6)C(=O)N(C)[C@@H](C7CCCC7)C(=O)N(C)[C@@H](CC(=O)N(C)[C@H](CCN8C=C(N=N8)C9=CC=C(CC9)C3)C(=O)N1)C(=O)N%10CC(F)(F)C(F)(F)C%10,CCC(C)[C@@H]1NC(=O)[C@H]2CCn3cc(nn3)C3=CC=C(CC3)C[C@@H](C(=O)N(C)CC(=O)N[C@@H](CCc3cc(F)c(C(F)(F)F)c(F)c3)C(=O)N3CCC[C@H]3C(=O)NC3(CCCC3)C(=O)N(C)[C@@H](C3CCCC3)C(=O)N(C)[C@H](C(=O)N3CC(F)(F)C(F)(F)C3)CC(=O)N2C)N(CCC(F)(F)F)C(=O)[C@@H]2CCN2C(=O)[C@H](C)N(C)C1=O,1628.67,114,True,PCTCN2025075389-ftappb-I100354.jpg,
2085,CC[C@H](C)[C@H]1C(=O)N(C)[C@@H](C)C(=O)N2[C@@H](CC2)C(=O)N(CCC(F)(F)F)[C@@H]3C(=O)N(C)CC(=O)N[C@@H](CCC4=CC(F)=C(C(F)=C4)C(F)(F)F)C(=O)N5[C@@H](CCC5)C(=O)NC6(CCCC6)C(=O)N(C)[C@@H](C7CCCC7)C(=O)N(C)[C@@H](CC(=O)N(C)[C@H](CCN8C=C(N=N8)C9=CC=C(C=C9)C3)C(=O)N1)C(=O)N%10CC(F)(C)C%10,CC[C@H](C)[C@@H]1NC(=O)[C@H]2CCn3cc(nn3)-c3ccc(cc3)C[C@@H](C(=O)N(C)CC(=O)N[C@@H](CCc3cc(F)c(C(F)(F)F)c(F)c3)C(=O)N3CCC[C@H]3C(=O)NC3(CCCC3)C(=O)N(C)[C@@H](C3CCCC3)C(=O)N(C)[C@H](C(=O)N3CC(C)(F)C3)CC(=O)N2C)N(CCC(F)(F)F)C(=O)[C@@H]2CCN2C(=O)[C@H](C)N(C)C1=O,1572.68,111,True,PCTCN2025075389-ftappb-I100354.jpg,
2088,CC[C@H](C)[C@H]1C(=O)N(C)[C@@H](C)C(=O)N2[C@@H](CC2)C(=O)N(CCC(F)(F)F)[C@@H]3C(=O)N(C)CC(=O)N[C@@H](CCC4=CC(F)=C(C(F)=C4)C(F)(F)F)C(=O)N5[C@@H](CCC5)C(=O)NC6(CCCC6)C(=O)N(C)[C@@H](C7CCCC7)C(=O)N(C)[C@@H](CC(=O)N(C)[C@H](CCN8C=C(N=N8)C9=CC=C(C=C9)C3)C(=O)N1)C(=O)N(C)C%10CCCC%10,CC[C@H](C)[C@@H]1NC(=O)[C@H]2CCn3cc(nn3)-c3ccc(cc3)C[C@@H](C(=O)N(C)CC(=O)N[C@@H](CCc3cc(F)c(C(F)(F)F)c(F)c3)C(=O)N3CCC[C@H]3C(=O)NC3(CCCC3)C(=O)N(C)[C@@H](C3CCCC3)C(=O)N(C)[C@H](C(=O)N(C)C3CCCC3)CC(=O)N2C)N(CCC(F)(F)F)C(=O)[C@@H]2CCN2C(=O)[C@H](C)N(C)C1=O,1582.75,112,True,PCTCN2025075389-ftappb-I100355.jpg,
2091,CC[C@H](C)[C@H]1C(=O)N(C)[C@@H](C)C(=O)N2[C@@H](CC2)C(=O)N(CCC)[C@@H]3C(=O)N(C)CC(=O)N[C@@H](CCC4=CC(F)=C(C(F)=C4)C(F)(F)F)C(=O)N5[C@@H](CC(F)(F)C5)C(=O)NC6(CCCC6)C(=O)N(C)[C@@H](C7CCCC7)C(=O)N(C)[C@@H](CC(=O)N(C)[C@H](CCN8C=C(N=N8)C9=CC=C(C=C9)C3)C(=O)N1)C(=O)N%10CCOCC%10,CCCN1C(=O)[C@@H]2CCN2C(=O)[C@H](C)N(C)C(=O)[C@H]([C@@H](C)CC)NC(=O)[C@H]2CCn3cc(nn3)-c3ccc(cc3)C[C@H]1C(=O)N(C)CC(=O)N[C@@H](CCc1cc(F)c(C(F)(F)F)c(F)c1)C(=O)N1CC(F)(F)C[C@H]1C(=O)NC1(CCCC1)C(=O)N(C)[C@@H](C1CCCC1)C(=O)N(C)[C@H](C(=O)N1CCOCC1)CC(=O)N2C,1552.7,110,True,PCTCN2025075389-ftappb-I100356.jpg,
2092,CC[C@H](C)[C@H]1C(=O)N(C)[C@@H](C)C(=O)N2[C@@H](CC2)C(=O)N(CCC)[C@@H]3C(=O)N(C)CC(=O)N[C@@H](CCC4=CC(F)=C(C(F)=C4)C(F)(F)F)C(=O)N5[C@@H](CC(F)(F)C5)C(=O)N(C)C6(CCC6)C(=O)N(C)[C@@H](C7CCCC7)C(=O)N(C)[C@@H](CC(=O)N(C)[C@H](CCN8C=C(N=N8)C9=CC=C(C=C9)C3)C(=O)N1)C(=O)N%10CCCC%10,CCCN1C(=O)[C@@H]2CCN2C(=O)[C@H](C)N(C)C(=O)[C@H]([C@@H](C)CC)NC(=O)[C@H]2CCn3cc(nn3)-c3ccc(cc3)C[C@H]1C(=O)N(C)CC(=O)N[C@@H](CCc1cc(F)c(C(F)(F)F)c(F)c1)C(=O)N1CC(F)(F)C[C@H]1C(=O)N(C)C1(CCC1)C(=O)N(C)[C@@H](C1CCCC1)C(=O)N(C)[C@H](C(=O)N1CCCC1)CC(=O)N2C,1536.7,109,True,PCTCN2025075389-ftappb-I100356.jpg,
2098,CC[C@H](C)[C@H]1C(=O)N(C)[C@@H](C)C(=O)N2[C@@H](CC2)C(=O)N(CCC(F)(F)F)[C@@H]3C(=O)N(C)CC(=O)N[C@@H](CCC4=CC(F)=C(C(F)=C4)C(F)(F)F)C(=O)N5[C@@H](CC(F)(F)C5)C(=O)N(C)C6(CC6)C(=O)N(C)[C@@H](C7CCCC7)C(=O)N(C)[C@@H](CC(=O)N(C)[C@H](CCN8C=C(N=N8)C9=CC=C(C=C9)C3)C(=O)N1)C(=O)N%10CCCC%10,CC[C@H](C)[C@@H]1NC(=O)[C@H]2CCn3cc(nn3)-c3ccc(cc3)C[C@@H](C(=O)N(C)CC(=O)N[C@@H](CCc3cc(F)c(C(F)(F)F)c(F)c3)C(=O)N3CC(F)(F)C[C@H]3C(=O)N(C)C3(CC3)C(=O)N(C)[C@@H](C3CCCC3)C(=O)N(C)[C@H](C(=O)N3CCCC3)CC(=O)N2C)N(CCC(F)(F)F)C(=O)[C@@H]2CCN2C(=O)[C@H](C)N(C)C1=O,1576.65,111,True,PCTCN2025075389-ftappb-I100357.jpg,
2100,CC[C@H](C)[C@H]1C(=O)N(C)[C@@H](C)C(=O)N2[C@@H](CC2)C(=O)N(CCC(F)(F)F)[C@@H]3C(=O)N(C)CC(=O)N[C@@H](CCC4=CC(F)=C(C(F)=C4)C(F)(F)F)C(=O)N5[C@@H](CC(F)(F)C5)C(=O)N(C)C6(CC6)C(=O)N(C)[C@@H](C7CCCC7)C(=O)N(C)[C@@H](CC(=O)N(C)[C@H](CCN8C=C(N=N8)C9=CC=C(C=C9)C3)C(=O)N1)C(=O)N%10CC(C)(C)CCC%10,CC[C@H](C)[C@@H]1NC(=O)[C@H]2CCn3cc(nn3)-c3ccc(cc3)C[C@@H](C(=O)N(C)CC(=O)N[C@@H](CCc3cc(F)c(C(F)(F)F)c(F)c3)C(=O)N3CC(F)(F)C[C@H]3C(=O)N(C)C3(CC3)C(=O)N(C)[C@@H](C3CCCC3)C(=O)N(C)[C@H](C(=O)N3CCCC(C)(C)C3)CC(=O)N2C)N(CCC(F)(F)F)C(=O)[C@@H]2CCN2C(=O)[C@H](C)N(C)C1=O,1618.73,114,True,PCTCN2025075389-ftappb-I100358.jpg,
2101,CC[C@H](C)[C@H]1C(=O)N(C)[C@@H](C)C(=O)N2[C@@H](CC2)C(=O)N(CCC(F)(F)F)[C@@H]3C(=O)N(C)CC(=O)N[C@@H](CCC4=CC(F)=C(C(F)=C4)C(F)(F)F)C(=O)N5[C@@H](CC(F)(F)C5)C(=O)N(C)C6(CCC6)C(=O)N(C)[C@@H](C7CCCC7)C(=O)N(C)[C@@H](CC(=O)N(C)[C@H](CCN8C=C(N=N8)C9=CC=C(C=C9)C3)C(=O)N1)C(=O)N%10CCOCC%10,CC[C@H](C)[C@@H]1NC(=O)[C@H]2CCn3cc(nn3)-c3ccc(cc3)C[C@@H](C(=O)N(C)CC(=O)N[C@@H](CCc3cc(F)c(C(F)(F)F)c(F)c3)C(=O)N3CC(F)(F)C[C@H]3C(=O)N(C)C3(CCC3)C(=O)N(C)[C@@H](C3CCCC3)C(=O)N(C)[C@H](C(=O)N3CCOCC3)CC(=O)N2C)N(CCC(F)(F)F)C(=O)[C@@H]2CCN2C(=O)[C@H](C)N(C)C1=O,1606.67,113,True,PCTCN2025075389-ftappb-I100358.jpg,
2102,CC[C@H](C)[C@H]1C(=O)N(C)[C@@H](C)C(=O)N2[C@@H](CC2)C(=O)N(CCC(F)(F)F)[C@@H]3C(=O)N(C)CC(=O)N[C@@H](CCC4=CC(F)=C(C(F)=C4)C(F)(F)F)C(=O)N5[C@@H](CC(F)(F)C5)C(=O)N(C)C6(CCC6)C(=O)N(C)[C@@H](C7CCCC7)C(=O)N(C)[C@@H](CC(=O)N(C)[C@H](CCN8C=C(N=N8)C9=CC=C(C=C9)C3)C(=O)N1)C(=O)N%10CC(C)(C)CCC%10,CC[C@H](C)[C@@H]1NC(=O)[C@H]2CCn3cc(nn3)-c3ccc(cc3)C[C@@H](C(=O)N(C)CC(=O)N[C@@H](CCc3cc(F)c(C(F)(F)F)c(F)c3)C(=O)N3CC(F)(F)C[C@H]3C(=O)N(C)C3(CCC3)C(=O)N(C)[C@@H](C3CCCC3)C(=O)N(C)[C@H](C(=O)N3CCCC(C)(C)C3)CC(=O)N2C)N(CCC(F)(F)F)C(=O)[C@@H]2CCN2C(=O)[C@H](C)N(C)C1=O,1632.75,115,True,PCTCN2025075389-ftappb-I100358.jpg,
2104,CC[C@H](C)[C@H]1C(=O)N(C)[C@@H](C)C(=O)N2[C@@H](CC2)C(=O)N(CCC(F)(F)F)[C@@H]3C(=O)N(C)CC(=O)N[C@@H](CCC4=CC(F)=C(C(F)=C4)C(F)(F)F)C(=O)N5[C@@H](CCC5)C(=O)NC6(CCCC6)C(=O)N(C)[C@@H](C7CCCC7)C(=O)N(C)[C@@H](CC(=O)N(C)[C@H](CCN8C=C(N=N8)C9=CC=C(C=C9)C3)C(=O)N1)C(=O)N%10CC(C)(C)C%10,CC[C@H](C)[C@@H]1NC(=O)[C@H]2CCn3cc(nn3)-c3ccc(cc3)C[C@@H](C(=O)N(C)CC(=O)N[C@@H](CCc3cc(F)c(C(F)(F)F)c(F)c3)C(=O)N3CCC[C@H]3C(=O)NC3(CCCC3)C(=O)N(C)[C@@H](C3CCCC3)C(=O)N(C)[C@H](C(=O)N3CC(C)(C)C3)CC(=O)N2C)N(CCC(F)(F)F)C(=O)[C@@H]2CCN2C(=O)[C@H](C)N(C)C1=O,1568.72,111,True,PCTCN2025075389-ftappb-I100359.jpg,
2105,CC[C@H](C)[C@H]1C(=O)N(C)[C@@H](C)C(=O)N2[C@@H](CC2)C(=O)N(CCC(F)(F)F)[C@@H]3C(=O)N(C)CC(=O)N[C@@H](CCC4=CC(F)=C(C(F)=C4)C(F)(F)F)C(=O)N5[C@@H](CCC5)C(=O)NC6(CCCC6)C(=O)N(C)[C@@H](C7CCCC7)C(=O)N(C)[C@@H](CC(=O)N(C)[C@H](CCN8C=C(N=N8)C9=CC=C(C=C9)C3)C(=O)N1)C(=O)N%10CC(C)(C)CC%10,CC[C@H](C)[C@@H]1NC(=O)[C@H]2CCn3cc(nn3)-c3ccc(cc3)C[C@@H](C(=O)N(C)CC(=O)N[C@@H](CCc3cc(F)c(C(F)(F)F)c(F)c3)C(=O)N3CCC[C@H]3C(=O)NC3(CCCC3)C(=O)N(C)[C@@H](C3CCCC3)C(=O)N(C)[C@H](C(=O)N3CCC(C)(C)C3)CC(=O)N2C)N(CCC(F)(F)F)C(=O)[C@@H]2CCN2C(=O)[C@H](C)N(C)C1=O,1582.75,112,True,PCTCN2025075389-ftappb-I100359.jpg,
2106,CC[C@H](C)[C@H]1C(=O)N(C)[C@@H](C)C(=O)N2[C@@H](CC2)C(=O)N(CCC(F)(F)F)[C@@H]3C(=O)N(C)CC(=O)N[C@@H](CCC4=CC(F)=C(C(F)=C4)C(F)(F)F)C(=O)N5[C@@H](CCC5)C(=O)NC6(CCCC6)C(=O)N(C)[C@@H](C7CCCC7)C(=O)N(C)[C@@H](CC(=O)N(C)[C@H](CCN8C=C(N=N8)C9=CC=C(C=C9)C3)C(=O)N1)C(=O)N%10CCSCC%10,CC[C@H](C)[C@@H]1NC(=O)[C@H]2CCn3cc(nn3)-c3ccc(cc3)C[C@@H](C(=O)N(C)CC(=O)N[C@@H](CCc3cc(F)c(C(F)(F)F)c(F)c3)C(=O)N3CCC[C@H]3C(=O)NC3(CCCC3)C(=O)N(C)[C@@H](C3CCCC3)C(=O)N(C)[C@H](C(=O)N3CCSCC3)CC(=O)N2C)N(CCC(F)(F)F)C(=O)[C@@H]2CCN2C(=O)[C@H](C)N(C)C1=O,1586.76,111,True,PCTCN2025075389-ftappb-I100359.jpg,
2107,CC[C@H](C)[C@H]1C(=O)N(C)[C@@H](C)C(=O)N2[C@@H](CC2)C(=O)N(CCC(F)(F)F)[C@@H]3C(=O)N(C)CC(=O)N[C@@H](CCC4=CC(F)=C(C(F)=C4)C(F)(F)F)C(=O)N5[C@@H](CCC5)C(=O)NC6(CCCC6)C(=O)N(C)[C@@H](C7CCCC7)C(=O)N(C)[C@@H](CC(=O)N(C)[C@H](CCN8C=C(N=N8)C9=CC=C(C=C9)C3)C(=O)N1)C(=O)N%10CSCC%10,CC[C@H](C)[C@@H]1NC(=O)[C@H]2CCn3cc(nn3)-c3ccc(cc3)C[C@@H](C(=O)N(C)CC(=O)N[C@@H](CCc3cc(F)c(C(F)(F)F)c(F)c3)C(=O)N3CCC[C@H]3C(=O)NC3(CCCC3)C(=O)N(C)[C@@H](C3CCCC3)C(=O)N(C)[C@H](C(=O)N3CCSC3)CC(=O)N2C)N(CCC(F)(F)F)C(=O)[C@@H]2CCN2C(=O)[C@H](C)N(C)C1=O,1572.73,110,True,PCTCN2025075389-ftappb-I100360.jpg,
2108,COCCN(C)C(=O)[C@H]1N(C)C(=O)[C@H](C2CCCC2)N(C)C(=O)C3(CCCC3)NC(=O)[C@H]4N(CCC4)C(=O)[C@H](CCC5=CC(F)=C(C(F)=C5)C(F)(F)F)NC(=O)CN(C)C(=O)[C@H]6N(CCC(F)(F)F)C(=O)[C@H]7N(CC7)C(=O)[C@H](C)N(C)C(=O)[C@H]([C@@H](C)CC)NC(=O)[C@@H](CCN8C=C(N=N8)C9=CC=C(C=C9)C6)N(C)C(=O)C1,CC[C@H](C)[C@@H]1NC(=O)[C@H]2CCn3cc(nn3)-c3ccc(cc3)C[C@@H](C(=O)N(C)CC(=O)N[C@@H](CCc3cc(F)c(C(F)(F)F)c(F)c3)C(=O)N3CCC[C@H]3C(=O)NC3(CCCC3)C(=O)N(C)[C@@H](C3CCCC3)C(=O)N(C)[C@H](C(=O)N(C)CCOC)CC(=O)N2C)N(CCC(F)(F)F)C(=O)[C@@H]2CCN2C(=O)[C@H](C)N(C)C1=O,1572.71,111,True,PCTCN2025075389-ftappb-I100360.jpg,
2110,CC[C@H](C)[C@H]1C(=O)N(C)[C@@H](C)C(=O)N2[C@@H](CC2)C(=O)N(CCC(F)(F)F)[C@H]3C(=O)N(C)CC(=O)N[C@@H](CCC4=CC(F)=C(C(F)=C4)C(F)(F)F)C(=O)N5[C@@H](CC(F)(F)C5)C(=O)NC6(CCCC6)C(=O)N(C)[C@@H](C7CCCC7)C(=O)N(C)[C@H](C)CC(=O)N(C)[C@@H](CCN8C=C(N=N8)C9=CC=C(C=C9)C3)C(=O)N1,CC[C@H](C)[C@@H]1NC(=O)[C@@H]2CCn3cc(nn3)-c3ccc(cc3)C[C@H](C(=O)N(C)CC(=O)N[C@@H](CCc3cc(F)c(C(F)(F)F)c(F)c3)C(=O)N3CC(F)(F)C[C@H]3C(=O)NC3(CCCC3)C(=O)N(C)[C@@H](C3CCCC3)C(=O)N(C)[C@H](C)CC(=O)N2C)N(CCC(F)(F)F)C(=O)[C@@H]2CCN2C(=O)[C@H](C)N(C)C1=O,1507.58,106,True,PCTCN2025075389-ftappb-I100360.jpg,
2111,CC[C@H](C)[C@H]1C(=O)N(C)[C@@H](C)C(=O)N2[C@@H](CC2)C(=O)N(CCC(F)(F)F)[C@@H]3C(=O)N(C)CC(=O)N[C@@H](CCC4=CC(F)=C(C(F)=C4)C(F)(F)F)C(=O)N5[C@@H](CCC5)C(=O)NC6(CCCC6)C(=O)N(C)[C@@H](C7CCCC7)C(=O)N(C)[C@@H](CC(=O)N(C)[C@H](CCN8C=C(N=N8)C9=CC=C(C=C9)C3)C(=O)N1)C(=O)N%10CCN(CC%10)C%11COC%11,CC[C@H](C)[C@@H]1NC(=O)[C@H]2CCn3cc(nn3)-c3ccc(cc3)C[C@@H](C(=O)N(C)CC(=O)N[C@@H](CCc3cc(F)c(C(F)(F)F)c(F)c3)C(=O)N3CCC[C@H]3C(=O)NC3(CCCC3)C(=O)N(C)[C@@H](C3CCCC3)C(=O)N(C)[C@H](C(=O)N3CCN(C4COC4)CC3)CC(=O)N2C)N(CCC(F)(F)F)C(=O)[C@@H]2CCN2C(=O)[C@H](C)N(C)C1=O,1625.77,115,True,PCTCN2025075389-ftappb-I100361.jpg,
2114,CCN(CC)C(=O)[C@H]1N(C)C(=O)[C@H](C2CCCC2)N(C)C(=O)C3(CCCC3)NC(=O)[C@H]4N(CCC4)C(O)[C@H](CCC5=CC(F)=C(C(F)=C5)C(F)(F)F)NC(O)CN(C)C(=O)[C@H]6N(CCC(F)(F)F)C(=O)[C@H]7N(CC7)C(=O)[C@H](C)N(C)C(=O)[C@H]([C@@H](C)CC)NC(=O)[C@@H](CCN8C=C(N=N8)C9=CC=C(C=C9)C6)N(C)C(=O)C1,CC[C@H](C)[C@@H]1NC(=O)[C@H]2CCn3cc(nn3)-c3ccc(cc3)C[C@@H](C(=O)N(C)CC(O)N[C@@H](CCc3cc(F)c(C(F)(F)F)c(F)c3)C(O)N3CCC[C@H]3C(=O)NC3(CCCC3)C(=O)N(C)[C@@H](C3CCCC3)C(=O)N(C)[C@H](C(=O)N(CC)CC)CC(=O)N2C)N(CCC(F)(F)F)C(=O)[C@@H]2CCN2C(=O)[C@H](C)N(C)C1=O,1560.74,110,True,PCTCN2025075389-ftappb-I100361.jpg,
2116,CC[C@H](C)[C@H]1C(=O)N(C)[C@@H](C)C(=O)N2[C@@H](CC2)C(=O)N(CCC(F)(F)F)[C@@H]3C(=O)N(C)CC(=O)N[C@@H](CCC4=CC(F)=C(C(F)=C4)C(F)(F)F)C(=O)N5[C@@H](CSC5)C(=O)NC6(CCC6)C(=O)N(C)[C@@H](C7CCCC7)C(=O)N(C)[C@@H](CC(=O)N(C)[C@H](CCN8C=C(N=N8)C9=CC=C(C=C9)C3)C(=O)N1)C(=O)N%10CCCC%10,CC[C@H](C)[C@@H]1NC(=O)[C@H]2CCn3cc(nn3)-c3ccc(cc3)C[C@@H](C(=O)N(C)CC(=O)N[C@@H](CCc3cc(F)c(C(F)(F)F)c(F)c3)C(=O)N3CSC[C@H]3C(=O)NC3(CCC3)C(=O)N(C)[C@@H](C3CCCC3)C(=O)N(C)[C@H](C(=O)N3CCCC3)CC(=O)N2C)N(CCC(F)(F)F)C(=O)[C@@H]2CCN2C(=O)[C@H](C)N(C)C1=O,1558.71,109,True,PCTCN2025075389-ftappb-I100362.jpg,
2117,CC[C@H](C)[C@H]1C(=O)N(C)[C@@H](C)C(=O)N2[C@@H](CC2)C(=O)N(CCC(F)(F)F)[C@@H]3C(=O)N(C)CC(=O)N[C@@H](CCC4=CC(F)=C(C(F)=C4)C(F)(F)F)C(=O)N5[C@@H](CSC5)C(=O)NC6(CCC6)C(=O)N(C)[C@@H](C7CCCC7)C(=O)N(C)[C@@H](CC(=O)N(C)[C@H](CCN8C=C(N=N8)C9=CC=C(C=C9)C3)C(=O)N1)C(=O)N%10CCOCC%10,CC[C@H](C)[C@@H]1NC(=O)[C@H]2CCn3cc(nn3)-c3ccc(cc3)C[C@@H](C(=O)N(C)CC(=O)N[C@@H](CCc3cc(F)c(C(F)(F)F)c(F)c3)C(=O)N3CSC[C@H]3C(=O)NC3(CCC3)C(=O)N(C)[C@@H](C3CCCC3)C(=O)N(C)[C@H](C(=O)N3CCOCC3)CC(=O)N2C)N(CCC(F)(F)F)C(=O)[C@@H]2CCN2C(=O)[C@H](C)N(C)C1=O,1574.71,110,True,PCTCN2025075389-ftappb-I100362.jpg,
2118,CC[C@H](C)[C@H]1C(=O)N(C)[C@@H](C)C(=O)N2[C@@H](CC2)C(=O)N(CCC(F)(F)F)[C@@H]3C(=O)N(C)CC(=O)N[C@@H](CCC4=CC(F)=C(C(F)=C4)C(F)(F)F)C(=O)N5[C@@H](CSC5)C(=O)N(C)C6(CCC6)C(=O)N(C)[C@@H](C7CCCC7)C(=O)N(C)[C@H](C(=O)N(C)C)CC(=O)N(C)[C@H](CCN8C=C(N=N8)C9=CC=C(C=C9)C3)C(=O)N1,CC[C@H](C)[C@@H]1NC(=O)[C@H]2CCn3cc(nn3)-c3ccc(cc3)C[C@@H](C(=O)N(C)CC(=O)N[C@@H](CCc3cc(F)c(C(F)(F)F)c(F)c3)C(=O)N3CSC[C@H]3C(=O)N(C)C3(CCC3)C(=O)N(C)[C@@H](C3CCCC3)C(=O)N(C)[C@H](C(=O)N(C)C)CC(=O)N2C)N(CCC(F)(F)F)C(=O)[C@@H]2CCN2C(=O)[C@H](C)N(C)C1=O,1546.7,108,True,PCTCN2025075389-ftappb-I100362.jpg,
2121,FC(F)CO[C@@H]1C[C@@H]2N(C1)C(=O)[C@@H](NC(=O)CN(C)C(=O)[C@H]3N(CCC(F)(F)F)C(=O)[C@H]4N(CC4)C(=O)[C@H](C)N(C)C(=O)[C@H]([C@@H](C)CC)NC(=O)[C@@H](CCN5C=C(N=N5)C6=CC=C(C=C6)C3)N(C)C(=O)C[C@@H](C(=O)N(C)C)N(C)C(=O)[C@H](C7CCCC7)N(C)C(=O)C8(CCC8)NC2=O)CCC9=CC(F)=C(C(F)=C9)C(F)(F)F,CC[C@H](C)[C@@H]1NC(=O)[C@H]2CCn3cc(nn3)-c3ccc(cc3)C[C@@H](C(=O)N(C)CC(=O)N[C@@H](CCc3cc(F)c(C(F)(F)F)c(F)c3)C(=O)N3C[C@H](OCC(F)F)C[C@H]3C(=O)NC3(CCC3)C(=O)N(C)[C@@H](C3CCCC3)C(=O)N(C)[C@H](C(=O)N(C)C)CC(=O)N2C)N(CCC(F)(F)F)C(=O)[C@@H]2CCN2C(=O)[C@H](C)N(C)C1=O,1594.66,112,True,PCTCN2025075389-ftappb-I100363.jpg,
2128,CC[C@H](C)[C@H]1C(=O)N(C)[C@@H](C)C(=O)N2[C@@H](CC2)C(=O)N(CCC(F)(F)F)[C@@H]3C(=O)N(C)CC(=O)N[C@@H](CCC4=CC(F)=C(C(F)=C4)C(F)(F)F)C(=O)N5[C@@H](CSC5)C(=O)NC6(CCCC6)C(=O)N(C)[C@@H](C7CCCC7)C(=O)N(C)[C@@H](CC(=O)N(C)[C@H](CCN8C=C(N=N8)C9=CC=C(C=C9)C3)C(=O)N1)C(=O)N%10CCOCC%10,CC[C@H](C)[C@@H]1NC(=O)[C@H]2CCn3cc(nn3)-c3ccc(cc3)C[C@@H](C(=O)N(C)CC(=O)N[C@@H](CCc3cc(F)c(C(F)(F)F)c(F)c3)C(=O)N3CSC[C@H]3C(=O)NC3(CCCC3)C(=O)N(C)[C@@H](C3CCCC3)C(=O)N(C)[C@H](C(=O)N3CCOCC3)CC(=O)N2C)N(CCC(F)(F)F)C(=O)[C@@H]2CCN2C(=O)[C@H](C)N(C)C1=O,1588.73,111,True,PCTCN2025075389-ftappb-I100365.jpg,
2131,FC(F)CO[C@@H]1C[C@@H]2N(C1)C(=O)[C@@H](NC(=O)CN(C)C(=O)[C@H]3N(CCC(C)C)C(=O)[C@H]4N(CC4)C(=O)[C@H](C)N(C)C(=O)[C@H]([C@@H](C)CC)NC(=O)[C@@H](CCN5C=C(N=N5)C6=CC=C(C=C6)C3)N(C)C(=O)C[C@@H](C(=O)N(C)C)N(C)C(=O)[C@H](C7CCCC7)N(C)C(=O)C8(CCC8)NC2=O)CCC9=CC(F)=C(C(F)=C9)C(F)(F)F,CC[C@H](C)[C@@H]1NC(=O)[C@H]2CCn3cc(nn3)-c3ccc(cc3)C[C@@H](C(=O)N(C)CC(=O)N[C@@H](CCc3cc(F)c(C(F)(F)F)c(F)c3)C(=O)N3C[C@H](OCC(F)F)C[C@H]3C(=O)NC3(CCC3)C(=O)N(C)[C@@H](C3CCCC3)C(=O)N(C)[C@H](C(=O)N(C)C)CC(=O)N2C)N(CCC(C)C)C(=O)[C@@H]2CCN2C(=O)[C@H](C)N(C)C1=O,1568.75,111,True,PCTCN2025075389-ftappb-I100366.jpg,
2135,CCN(CC)C(=O)[C@H]1N(C)C(=O)[C@H](C2CCCC2)N(C)C(=O)C3(CCC3)NC(=O)[C@H]4N(CC(F)(F)C4)C(=O)[C@H](CCC5=CC(F)=C(C(F)=C5)C(F)(F)F)NC(=O)CN(C)C(=O)[C@H]6N(CCC(F)(F)F)C(=O)[C@H]7N(CC7)C(=O)[C@H](C)N(C)C(=O)[C@H]([C@@H](C)CC)NC(=O)[C@@H](CCN8C=C(N=N8)C9=CC=C(C=C9)C6)N(C)C(=O)C1,CC[C@H](C)[C@@H]1NC(=O)[C@H]2CCn3cc(nn3)-c3ccc(cc3)C[C@@H](C(=O)N(C)CC(=O)N[C@@H](CCc3cc(F)c(C(F)(F)F)c(F)c3)C(=O)N3CC(F)(F)C[C@H]3C(=O)NC3(CCC3)C(=O)N(C)[C@@H](C3CCCC3)C(=O)N(C)[C@H](C(=O)N(CC)CC)CC(=O)N2C)N(CCC(F)(F)F)C(=O)[C@@H]2CCN2C(=O)[C@H](C)N(C)C1=O,1578.66,111,True,PCTCN2025075389-ftappb-I100367.jpg,
2139,CCCN1C(=O)[C@H]2N(CC2)C(=O)[C@H](C)N(C)C(=O)[C@H]([C@@H](C)CC)NC(=O)[C@@H]3N(C)C(=O)C[C@@H](C(=O)N(CC)CC)N(C)C(=O)[C@H](C4CCCC4)N(C)C(=O)C5(CCC5)N(C)C(=O)[C@H]6N(CC(F)(F)C6)C(=O)[C@H](CCC7=CC(F)=C(C(F)=C7)C(F)(F)F)NC(=O)CN(C)C(=O)[C@@H]1CC8=CC=C(C=C8)C9=CN(N=N9)CC3,CCCN1C(=O)[C@@H]2CCN2C(=O)[C@H](C)N(C)C(=O)[C@H]([C@@H](C)CC)NC(=O)[C@H]2CCn3cc(nn3)-c3ccc(cc3)C[C@H]1C(=O)N(C)CC(=O)N[C@@H](CCc1cc(F)c(C(F)(F)F)c(F)c1)C(=O)N1CC(F)(F)C[C@H]1C(=O)N(C)C1(CCC1)C(=O)N(C)[C@@H](C1CCCC1)C(=O)N(C)[C@H](C(=O)N(CC)CC)CC(=O)N2C,1538.72,109,True,PCTCN2025075389-ftappb-I100368.jpg,
2140,CCCN1C(=O)[C@H]2N(CC2)C(=O)[C@H](C)N(C)C(=O)[C@H]([C@@H](C)CC)NC(=O)[C@@H]3N(C)C(=O)C[C@@H](C(=O)N(CC)CC)N(C)C(=O)[C@H](C4CCCC4)N(C)C(=O)C5(CCC5)N(C)C(=O)[C@H]6N(CSC6)C(=O)[C@H](CCC7=CC(F)=C(C(F)=C7)C(F)(F)F)NC(=O)CN(C)C(=O)[C@@H]1CC8=CC=C(CC8)C9=CN(N=N9)CC3,CCCN1C(=O)[C@@H]2CCN2C(=O)[C@H](C)N(C)C(=O)[C@H]([C@@H](C)CC)NC(=O)[C@H]2CCn3cc(nn3)C3=CC=C(CC3)C[C@H]1C(=O)N(C)CC(=O)N[C@@H](CCc1cc(F)c(C(F)(F)F)c(F)c1)C(=O)N1CSC[C@H]1C(=O)N(C)C1(CCC1)C(=O)N(C)[C@@H](C1CCCC1)C(=O)N(C)[C@H](C(=O)N(CC)CC)CC(=O)N2C,1522.8,107,True,PCTCN2025075389-ftappb-I100368.jpg,
2142,CCCN1C(=O)[C@H]2N(CC2)C(=O)[C@H](C)N(C)C(=O)[C@H]([C@@H](C)CC)NC(=O)[C@H]3N(C)C(=O)C[C@@H](C(=O)N(C)C)N(C)C(=O)[C@H](C4CCCC4)N(C)C(=O)C5(CCC5)NC(=O)[C@H]6N(CSC6)C(=O)[C@H](CCC7=CC(F)=C(C(F)=C7)C(F)(F)F)NC(=O)CN(C)C(=O)[C@H]1CC8=CC=C(C=C8)C9=CN(N=N9)CC3,CCCN1C(=O)[C@@H]2CCN2C(=O)[C@H](C)N(C)C(=O)[C@H]([C@@H](C)CC)NC(=O)[C@@H]2CCn3cc(nn3)-c3ccc(cc3)C[C@@H]1C(=O)N(C)CC(=O)N[C@@H](CCc1cc(F)c(C(F)(F)F)c(F)c1)C(=O)N1CSC[C@H]1C(=O)NC1(CCC1)C(=O)N(C)[C@@H](C1CCCC1)C(=O)N(C)[C@H](C(=O)N(C)C)CC(=O)N2C,1478.7,104,True,PCTCN2025075389-ftappb-I100368.jpg,
2145,CC[C@H](C)[C@H]1C(=O)N(C)[C@@H](C)C(=O)N2[C@@H](CC2)C(=O)N(CCC)[C@H]3C(=O)N(C)CC(=O)N[C@@H](CCC4=CC(F)=C(C(F)=C4)C(F)(F)F)C(=O)N5[C@@H](CSC5)C(=O)N(C)C6(CCC6)C(=O)N(C)[C@@H](C7CCCC7)C(=O)N8[C@H](CCC8)CC(=O)N(C)[C@@H](CCN9C=C(N=N9)C%10=CC=C(C=C%10)C3)C(=O)N1,CCCN1C(=O)[C@@H]2CCN2C(=O)[C@H](C)N(C)C(=O)[C@H]([C@@H](C)CC)NC(=O)[C@@H]2CCn3cc(nn3)-c3ccc(cc3)C[C@@H]1C(=O)N(C)CC(=O)N[C@@H](CCc1cc(F)c(C(F)(F)F)c(F)c1)C(=O)N1CSC[C@H]1C(=O)N(C)C1(CCC1)C(=O)N(C)[C@@H](C1CCCC1)C(=O)N1CCC[C@@H]1CC(=O)N2C,1447.69,102,True,PCTCN2025075389-ftappb-I100369.jpg,
2148,CC[C@H](C)[C@H]1C(=O)N(C)[C@@H](C)C(=O)N2[C@@H](CC2)C(=O)N(CCC)[C@H]3C(=O)N(C)CC(=O)N[C@@H](CCC4=CC(F)=C(C(F)=C4)C(F)(F)F)C(=O)N5[C@@H](CC(F)(F)C5)C(=O)N(C)C6(CCC6)C(=O)N(C)[C@@H](C7CCCC7)C(=O)N(C)[C@H](C(=O)N(C)C)CC(=O)N(C)[C@@H](CCN8C=C(N=N8)C9=CC=C(C=C9)C3)C(=O)N1,CCCN1C(=O)[C@@H]2CCN2C(=O)[C@H](C)N(C)C(=O)[C@H]([C@@H](C)CC)NC(=O)[C@@H]2CCn3cc(nn3)-c3ccc(cc3)C[C@@H]1C(=O)N(C)CC(=O)N[C@@H](CCc1cc(F)c(C(F)(F)F)c(F)c1)C(=O)N1CC(F)(F)C[C@H]1C(=O)N(C)C1(CCC1)C(=O)N(C)[C@@H](C1CCCC1)C(=O)N(C)[C@H](C(=O)N(C)C)CC(=O)N2C,1510.67,107,True,PCTCN2025075389-ftappb-I100370.jpg,
2150,CC(C)CCN1C(=O)[C@H]2N(CC2)C(=O)[C@H](C)N(C)C(=O)[C@H]([C@@H](C)CC)NC(=O)[C@@H]3N(C)C(=O)C[C@@H](C(=O)N(CC)CC)N(C)C(=O)[C@H](C4CCCC4)N(C)C(=O)C5(CCC5)N(C)C(=O)[C@H]6N(CSC6)C(=O)[C@H](CCC7=CC(F)=C(C(F)=C7)C(F)(F)F)NC(=O)CN(C)C(=O)[C@@H]1CC8=CC=C(C=C8)C9=CN(N=N9)CC3,CC[C@H](C)[C@@H]1NC(=O)[C@H]2CCn3cc(nn3)-c3ccc(cc3)C[C@@H](C(=O)N(C)CC(=O)N[C@@H](CCc3cc(F)c(C(F)(F)F)c(F)c3)C(=O)N3CSC[C@H]3C(=O)N(C)C3(CCC3)C(=O)N(C)[C@@H](C3CCCC3)C(=O)N(C)[C@H](C(=O)N(CC)CC)CC(=O)N2C)N(CCC(C)C)C(=O)[C@@H]2CCN2C(=O)[C@H](C)N(C)C1=O,1548.83,109,True,PCTCN2025075389-ftappb-I100370.jpg,
2151,CC(C)CCN1C(=O)[C@H]2N(CC2)C(=O)[C@H](C)N(C)C(=O)[C@H]([C@@H](C)CC)NC(=O)[C@@H]3N(C)C(=O)C[C@@H](C(=O)N(CC)CC)N(C)C(=O)[C@H](C4CCCC4)N(C)C(=O)C5(CCC5)N(C)C(=O)[C@H]6N(CC(F)(F)C6)C(=O)[C@@H](NC(=O)CN(C)C(=O)[C@@H]1CC7=CC=C(C=C7)C8=CN(N=N8)CC3)CCC9=CC(F)=C(C(F)=C9)C(F)(F)F,CC[C@H](C)[C@@H]1NC(=O)[C@H]2CCn3cc(nn3)-c3ccc(cc3)C[C@@H](C(=O)N(C)CC(=O)N[C@@H](CCc3cc(F)c(C(F)(F)F)c(F)c3)C(=O)N3CC(F)(F)C[C@H]3C(=O)N(C)C3(CCC3)C(=O)N(C)[C@@H](C3CCCC3)C(=O)N(C)[C@H](C(=O)N(CC)CC)CC(=O)N2C)N(CCC(C)C)C(=O)[C@@H]2CCN2C(=O)[C@H](C)N(C)C1=O,1566.77,111,True,PCTCN2025075389-ftappb-I100371.jpg,
2153,CC(C)CCN1C(=O)[C@H]2N(CC2)C(=O)[C@H](C)N(C)C(=O)[C@H]([C@@H](C)CC)NC(=O)[C@H]3N(C)C(=O)C[C@@H](C(=O)N(C)C)N(C)C(=O)[C@H](C4CCCC4)N(C)C(=O)C5(CCCC5)NC(=O)[C@H]6N(CC(F)(F)C6)C(=O)[C@H](CCC7=CC(F)=C(C(F)=C7)C(F)(F)F)NC(=O)CN(C)C(=O)[C@H]1CC8=CC=C(C=C8)C9=CN(N=N9)CC3,CC[C@H](C)[C@@H]1NC(=O)[C@@H]2CCn3cc(nn3)-c3ccc(cc3)C[C@H](C(=O)N(C)CC(=O)N[C@@H](CCc3cc(F)c(C(F)(F)F)c(F)c3)C(=O)N3CC(F)(F)C[C@H]3C(=O)NC3(CCCC3)C(=O)N(C)[C@@H](C3CCCC3)C(=O)N(C)[C@H](C(=O)N(C)C)CC(=O)N2C)N(CCC(C)C)C(=O)[C@@H]2CCN2C(=O)[C@H](C)N(C)C1=O,1538.72,109,True,PCTCN2025075389-ftappb-I100371.jpg,
2154,CC(C)CCN1C(=O)[C@H]2N(CC2)C(=O)[C@H](C)N(C)C(=O)[C@H]([C@@H](C)CC)NC(=O)[C@H]3N(C)C(=O)C[C@@H](C(=O)N(C)C)N(C)C(=O)[C@H](C4CCCC4)N(C)C(=O)C5(CCCC5)NC(=O)[C@H]6N(CSC6)C(=O)[C@H](CCC7=CC(F)=C(C(F)=C7)C(F)(F)F)NC(=O)CN(C)C(=O)[C@H]1CC8=CC=C(C=C8)C9=CN(N=N9)CC3,CC[C@H](C)[C@@H]1NC(=O)[C@@H]2CCn3cc(nn3)-c3ccc(cc3)C[C@H](C(=O)N(C)CC(=O)N[C@@H](CCc3cc(F)c(C(F)(F)F)c(F)c3)C(=O)N3CSC[C@H]3C(=O)NC3(CCCC3)C(=O)N(C)[C@@H](C3CCCC3)C(=O)N(C)[C@H](C(=O)N(C)C)CC(=O)N2C)N(CCC(C)C)C(=O)[C@@H]2CCN2C(=O)[C@H](C)N(C)C1=O,1520.78,107,True,PCTCN2025075389-ftappb-I100371.jpg,
2156,CC(C)CCN1C(=O)[C@H]2N(CC2)C(=O)[C@H](C)N(C)C(=O)[C@H]([C@@H](C)CC)NC(=O)[C@H]3N(C)C(=O)C[C@@H](C(=O)N(C)C)N(C)C(=O)[C@H](C4CCCC4)N(C)C(=O)C5(CCCC5)NC(=O)[C@H]6N(CCC6)C(=O)[C@H](CCC7=CC(F)=C(C(F)=C7)C(F)(F)F)NC(=O)CN(C)C(=O)[C@H]1CC8=CC=C(C=C8)C9=CN(N=N9)CC3,CC[C@H](C)[C@@H]1NC(=O)[C@@H]2CCn3cc(nn3)-c3ccc(cc3)C[C@H](C(=O)N(C)CC(=O)N[C@@H](CCc3cc(F)c(C(F)(F)F)c(F)c3)C(=O)N3CCC[C@H]3C(=O)NC3(CCCC3)C(=O)N(C)[C@@H](C3CCCC3)C(=O)N(C)[C@H](C(=O)N(C)C)CC(=O)N2C)N(CCC(C)C)C(=O)[C@@H]2CCN2C(=O)[C@H](C)N(C)C1=O,1502.74,107,True,PCTCN2025075389-ftappb-I100372.jpg,
2157,CC(C)CCN1C(=O)[C@H]2N(CC2)C(=O)[C@H](C)N(C)C(=O)[C@H]([C@@H](C)CC)NC(=O)[C@H]3N(C)C(=O)C[C@@H](C(=O)N(C)C)N(C)C(=O)[C@H](C4CCCC4)N(C)C(=O)C5(CCC5)N(C)C(=O)[C@H]6N(CCC6)C(=O)[C@H](CCC7=CC(F)=C(C(F)=C7)C(F)(F)F)NC(=O)CN(C)C(=O)[C@H]1CC8=CC=C(C=C8)C9=CN(N=N9)CC3,CC[C@H](C)[C@@H]1NC(=O)[C@@H]2CCn3cc(nn3)-c3ccc(cc3)C[C@H](C(=O)N(C)CC(=O)N[C@@H](CCc3cc(F)c(C(F)(F)F)c(F)c3)C(=O)N3CCC[C@H]3C(=O)N(C)C3(CCC3)C(=O)N(C)[C@@H](C3CCCC3)C(=O)N(C)[C@H](C(=O)N(C)C)CC(=O)N2C)N(CCC(C)C)C(=O)[C@@H]2CCN2C(=O)[C@H](C)N(C)C1=O,1502.74,107,True,PCTCN2025075389-ftappb-I100372.jpg,
2158,CC(C)CCN1C(=O)[C@H]2N(CC2)C(=O)[C@H](C)N(C)C(=O)[C@H]([C@@H](C)CC)NC(=O)[C@@H]3N(C)C(=O)C[C@@H](C(=O)N(C)CC)N(C)C(=O)[C@H](C4CCCC4)N(C)C(=O)C5(CCC5)N(C)C(=O)[C@H]6N(CSC6)C(=O)[C@H](CCC7=CC(F)=C(C(F)=C7)C(F)(F)F)NC(=O)CN(C)C(=O)[C@@H]1CC8=CC=C(C=C8)C9=CN(N=N9)CC3,CC[C@H](C)[C@@H]1NC(=O)[C@H]2CCn3cc(nn3)-c3ccc(cc3)C[C@@H](C(=O)N(C)CC(=O)N[C@@H](CCc3cc(F)c(C(F)(F)F)c(F)c3)C(=O)N3CSC[C@H]3C(=O)N(C)C3(CCC3)C(=O)N(C)[C@@H](C3CCCC3)C(=O)N(C)[C@H](C(=O)N(C)CC)CC(=O)N2C)N(CCC(C)C)C(=O)[C@@H]2CCN2C(=O)[C@H](C)N(C)C1=O,1534.81,108,True,PCTCN2025075389-ftappb-I100372.jpg,
2166,CC(C)CCN1C(=O)[C@H]2N(CC2)C(=O)[C@H](C)N(C)C(=O)[C@H]([C@@H](C)CC)NC(=O)[C@H]3N(C)C(=O)C[C@@H](C(=O)N4CCCC4)N(C)C(=O)[C@H](C5CCCC5)N(C)C(=O)C6(CCC6)N(C)C(=O)[C@H]7N(CC(F)(F)C7)C(=O)[C@H](CCC8=CC(F)=C(C(F)=C8)C(F)(F)F)NC(=O)CN(C)C(=O)[C@H]1CC9=CC=C(C=C9)C%10=CN(N=N%10)CC3,CC[C@H](C)[C@@H]1NC(=O)[C@@H]2CCn3cc(nn3)-c3ccc(cc3)C[C@H](C(=O)N(C)CC(=O)N[C@@H](CCc3cc(F)c(C(F)(F)F)c(F)c3)C(=O)N3CC(F)(F)C[C@H]3C(=O)N(C)C3(CCC3)C(=O)N(C)[C@@H](C3CCCC3)C(=O)N(C)[C@H](C(=O)N3CCCC3)CC(=O)N2C)N(CCC(C)C)C(=O)[C@@H]2CCN2C(=O)[C@H](C)N(C)C1=O,1564.76,111,True,PCTCN2025075389-ftappb-I100374.jpg,
